Texts,Text_Level,MLS,MLT,MLC,C.S,VP.T,C.T,DC.C,DC.T,T.S,CT.T,CP.T,CP.C,CN.T,CN.C
ELA0001_3.txt,3,9.6154,9.6154,7.0423,1.3654,1.6154,1.3654,0.2535,0.3462,1,0.3077,0.1154,0.0845,0.9615,0.7042
ELA0002_5.txt,5,11.7656,11.7656,7.6837,1.5312,1.8125,1.5312,0.2857,0.4375,1,0.3594,0.25,0.1633,1.25,0.8163
ELA0003_7.txt,7,14.4627,13.8429,8.5752,1.6866,1.9429,1.6143,0.3363,0.5429,1.0448,0.4571,0.3571,0.2212,1.5429,0.9558
ELA0004_9.txt,9,19.8462,18.1053,9.0526,2.1923,2.4386,2,0.4298,0.8596,1.0962,0.6316,0.4386,0.2193,2.1404,1.0702
ELA0005_12.txt,12,26.8056,23.8272,10.663,2.5139,2.9506,2.2346,0.4475,1,1.125,0.6667,0.7407,0.3315,2.6543,1.1878
ELA0006_3.txt,3,8.24,8.4082,7.7736,1.06,1.1837,1.0816,0.0755,0.0816,0.98,0.0816,0.1224,0.1132,0.7551,0.6981
ELA0007_5.txt,5,10.7619,10.7619,9.6857,1.1111,1.1905,1.1111,0.0857,0.0952,1,0.0952,0.2063,0.1857,1.1111,1
ELA0008_7.txt,7,13.9375,12.9275,11.2911,1.2344,1.2609,1.1449,0.1266,0.1449,1.0781,0.1739,0.3043,0.2658,1.3768,1.2025
ELA0009_9.txt,9,17.0517,15.4531,11.9157,1.431,1.5156,1.2969,0.2169,0.2812,1.1034,0.2969,0.3906,0.3012,1.7656,1.3614
ELA0010_12.txt,12,20.8901,18.4563,13.2937,1.5714,1.8932,1.3883,0.2238,0.3107,1.1319,0.2621,0.534,0.3846,2.0485,1.4755
ELA0011_3.txt,3,8.3519,8.5094,7.7759,1.0741,1.2075,1.0943,0.0862,0.0943,0.9815,0.0943,0.0755,0.069,1.0189,0.931
ELA0012_5.txt,5,10.6438,10.5,9.5926,1.1096,1.1892,1.0946,0.1111,0.1216,1.0137,0.1216,0.2027,0.1852,1.3378,1.2222
ELA0013_7.txt,7,14.2769,14.5,12.0519,1.1846,1.3594,1.2031,0.1818,0.2188,0.9846,0.2031,0.3594,0.2987,2.0312,1.6883
ELA0014_9.txt,9,17.569,17.569,13.5867,1.2931,1.5172,1.2931,0.2,0.2586,1,0.2414,0.4483,0.3467,2.5172,1.9467
ELA0015_12.txt,12,23.8125,22.4118,15.0395,1.5833,1.8627,1.4902,0.3026,0.451,1.0625,0.3725,0.5686,0.3816,3.2549,2.1842
ELA0016_3.txt,3,8.7963,8.9623,6.6901,1.3148,1.6604,1.3396,0.1972,0.2642,0.9815,0.2642,0.1321,0.0986,0.8302,0.6197
ELA0017_5.txt,5,12.3788,12.7656,8.2525,1.5,1.9219,1.5469,0.303,0.4688,0.9697,0.3594,0.2812,0.1818,1.5938,1.0303
ELA0018_7.txt,7,15.403,15.6364,9.9231,1.5522,2.0758,1.5758,0.3077,0.4848,0.9851,0.3788,0.3788,0.2404,1.8485,1.1731
ELA0019_9.txt,9,16.8676,16.8676,10.6204,1.5882,2.1324,1.5882,0.3241,0.5147,1,0.3676,0.4559,0.287,2.1471,1.3519
ELA0020_12.txt,12,21.803,21.803,11.4206,1.9091,2.6364,1.9091,0.4127,0.7879,1,0.4848,0.5909,0.3095,2.8939,1.5159
ELA0021_3.txt,3,8.0548,8.2817,7.2593,1.1096,1.3521,1.1408,0.1358,0.1549,0.9726,0.1268,0.0704,0.0617,0.7746,0.679
ELA0022_5.txt,5,10.7681,10.6143,8.1648,1.3188,1.6,1.3,0.2308,0.3,1.0145,0.2429,0.1714,0.1319,1.0571,0.8132
ELA0023_7.txt,7,14.1587,13.7231,8.92,1.5873,1.8154,1.5385,0.34,0.5231,1.0317,0.4154,0.2769,0.18,1.6154,1.05
ELA0024_9.txt,9,17.5246,15.4928,9.5446,1.8361,2.029,1.6232,0.3929,0.6377,1.1311,0.5072,0.3188,0.1964,1.8696,1.1518
ELA0025_12.txt,12,19.7386,15.6486,9.7584,2.0227,2.009,1.6036,0.3652,0.5856,1.2614,0.4595,0.3063,0.191,1.8649,1.1629
ELA0026_3.txt,3,9.4035,8.5079,6.7848,1.386,1.4127,1.254,0.1392,0.1746,1.1053,0.127,0.1429,0.1139,0.873,0.6962
ELA0027_5.txt,5,12.3676,11.2133,7.787,1.5882,1.6667,1.44,0.2037,0.2933,1.1029,0.1867,0.1867,0.1296,1.3467,0.9352
ELA0028_7.txt,7,15.7647,13.5696,8.4409,1.8676,2.0127,1.6076,0.2677,0.4304,1.1618,0.3165,0.2911,0.1811,1.6582,1.0315
ELA0029_9.txt,9,18.9242,16.4342,9.1168,2.0758,2.3158,1.8026,0.3139,0.5658,1.1515,0.3947,0.3816,0.2117,1.9474,1.0803
ELA0030_12.txt,12,20.4286,17.3738,9.1127,2.2418,2.5047,1.9065,0.3578,0.6822,1.1758,0.4299,0.4579,0.2402,2.0467,1.0735
ELA0031_3.txt,3,8.8254,8.9677,7.3158,1.2063,1.2903,1.2258,0.1711,0.2097,0.9841,0.1452,0.0161,0.0132,0.8226,0.6711
ELA0032_5.txt,5,11.4906,11.4906,8.3425,1.3774,1.4717,1.3774,0.2329,0.3208,1,0.2264,0.1321,0.0959,1.1321,0.8219
ELA0033_7.txt,7,14.5,14.8718,10,1.45,1.6154,1.4872,0.3103,0.4615,0.975,0.2821,0.2821,0.1897,1.6154,1.0862
ELA0034_9.txt,9,17.2812,17.2812,10.0545,1.7188,1.8438,1.7188,0.3636,0.625,1,0.375,0.3438,0.2,2.0312,1.1818
ELA0035_12.txt,12,24.2381,23.1364,11.3111,2.1429,2.3636,2.0455,0.4667,0.9545,1.0476,0.5455,0.5,0.2444,2.7727,1.3556
ELA0036_3.txt,3,8.9848,9.1231,8.4714,1.0606,1.2,1.0769,0.0714,0.0769,0.9848,0.0769,0.0462,0.0429,0.9077,0.8429
ELA0037_5.txt,5,11.7021,11.7021,10.7843,1.0851,1.2553,1.0851,0.0784,0.0851,1,0.0638,0.1915,0.1765,1.2553,1.1569
ELA0038_7.txt,7,15.4595,15.0526,13,1.1892,1.4211,1.1579,0.1364,0.1579,1.027,0.1053,0.4474,0.3864,1.7105,1.4773
ELA0039_9.txt,9,19.5667,18.3438,14.3171,1.3667,1.5938,1.2812,0.1951,0.25,1.0667,0.1875,0.5625,0.439,2.1875,1.7073
ELA0040_12.txt,12,23.8077,23.8077,18.2059,1.3077,1.9231,1.3077,0.2353,0.3077,1,0.2308,0.6923,0.5294,2.9615,2.2647
ELA0041_3.txt,3,9,9,7.2254,1.2456,1.5088,1.2456,0.1268,0.1579,1,0.1579,0.0877,0.0704,0.7719,0.6197
ELA0042_5.txt,5,11.3594,11.5397,8.1685,1.3906,1.6825,1.4127,0.1798,0.254,0.9844,0.1905,0.1429,0.1011,1.254,0.8876
ELA0043_7.txt,7,14.9831,15.7857,10.0455,1.4915,1.9643,1.5714,0.2841,0.4464,0.9492,0.3036,0.3036,0.1932,1.7321,1.1023
ELA0044_9.txt,9,18.0741,17.1228,9.8586,1.8333,2.193,1.7368,0.3434,0.5965,1.0556,0.4035,0.3509,0.202,2,1.1515
ELA0045_12.txt,12,21.6429,20.6591,10.8214,2,2.4545,1.9091,0.369,0.7045,1.0476,0.4545,0.4318,0.2262,2.4318,1.2738
ELA0046_3.txt,3,9.8182,10.1887,8.3077,1.1818,1.5849,1.2264,0.1692,0.2075,0.9636,0.2075,0.0377,0.0308,0.9811,0.8
ELA0047_5.txt,5,12.4062,12.4062,9.2326,1.3438,1.75,1.3438,0.2209,0.2969,1,0.2344,0.1562,0.1163,1.2656,0.9419
ELA0048_7.txt,7,16.1129,16.1129,9.99,1.6129,2.1129,1.6129,0.33,0.5323,1,0.4516,0.2419,0.15,1.9355,1.2
ELA0049_9.txt,9,19.8545,19.1579,10.8119,1.8364,2.3509,1.7719,0.3861,0.6842,1.0364,0.5439,0.2456,0.1386,2.2456,1.2673
ELA0050_12.txt,12,21.5488,18.7979,10.2139,2.1098,2.4787,1.8404,0.4104,0.7553,1.1463,0.5638,0.234,0.1272,2.266,1.2312
ELA0051_3.txt,3,7.8113,7.6667,6.2727,1.2453,1.3704,1.2222,0.1515,0.1852,1.0189,0.1852,0.0926,0.0758,0.8519,0.697
ELA0052_5.txt,5,11.807,11.807,8.7403,1.3509,1.6316,1.3509,0.2468,0.3333,1,0.2456,0.193,0.1429,1.4211,1.0519
ELA0053_7.txt,7,14.4667,13.5625,9.4348,1.5333,1.7656,1.4375,0.2826,0.4062,1.0667,0.3281,0.3438,0.2391,1.7031,1.1848
ELA0054_9.txt,9,17.1429,15.4839,10.4348,1.6429,1.9032,1.4839,0.2935,0.4355,1.1071,0.4032,0.3871,0.2609,1.8548,1.25
ELA0055_12.txt,12,18.1029,16.863,11.2936,1.6029,1.9178,1.4932,0.2661,0.3973,1.0735,0.274,0.3562,0.2385,2.1781,1.4587
ELA0056_3.txt,3,8.3293,8.3293,7.1146,1.1707,1.2805,1.1707,0.1146,0.1341,1,0.1341,0.0732,0.0625,0.9268,0.7917
ELA0057_5.txt,5,11.5405,11.6986,8.54,1.3514,1.6575,1.3699,0.26,0.3562,0.9865,0.2603,0.2055,0.15,1.4932,1.09
ELA0058_7.txt,7,14.1549,14.1549,9.3925,1.507,1.8028,1.507,0.2991,0.4507,1,0.2817,0.2817,0.1869,1.9577,1.2991
ELA0059_9.txt,9,17.661,17.9655,10.42,1.6949,2.0517,1.7241,0.35,0.6034,0.9831,0.3966,0.3621,0.21,2.4828,1.44
ELA0060_12.txt,12,21.0847,19.746,10.4538,2.0169,2.3333,1.8889,0.3697,0.6984,1.0678,0.4762,0.4286,0.2269,2.5873,1.3697
ELA0061_3.txt,3,9.2292,9.2292,8.2037,1.125,1.375,1.125,0.0741,0.0833,1,0.0833,0.1458,0.1296,0.7708,0.6852
ELA0062_5.txt,5,12.7119,12.931,9.7403,1.3051,1.7069,1.3276,0.1818,0.2414,0.9831,0.2241,0.2931,0.2208,1.3276,1
ELA0063_7.txt,7,16.6545,16.6545,10.2921,1.6182,2.1273,1.6182,0.3146,0.5091,1,0.4182,0.4545,0.2809,1.9455,1.2022
ELA0064_9.txt,9,19.1321,18.1071,10.7872,1.7736,2.2857,1.6786,0.3617,0.6071,1.0566,0.4643,0.5179,0.3085,2.125,1.266
ELA0065_12.txt,12,20.0185,19.6545,10.1981,1.963,2.5273,1.9273,0.4057,0.7818,1.0185,0.4909,0.5818,0.3019,2.2,1.1415
ELA0066_3.txt,3,8.566,8.7308,6.0533,1.4151,1.5385,1.4423,0.2533,0.3654,0.9811,0.3077,0.0192,0.0133,1.0192,0.7067
ELA0067_5.txt,5,12.3333,12.566,7.5682,1.6296,1.9057,1.6604,0.3182,0.5283,0.9815,0.3774,0.1698,0.1023,1.6792,1.0114
ELA0068_7.txt,7,14,14.2295,9.5385,1.4677,1.7213,1.4918,0.2418,0.3607,0.9839,0.2295,0.2951,0.1978,1.8689,1.2527
ELA0069_9.txt,9,16.7759,17.0702,10.2421,1.6379,1.9649,1.6667,0.2737,0.4561,0.9828,0.3158,0.2982,0.1789,2.1579,1.2947
ELA0070_12.txt,12,23.875,20.3191,11.1047,2.15,2.2553,1.8298,0.314,0.5745,1.175,0.4043,0.383,0.2093,2.6383,1.4419
ELA0071_3.txt,3,9.0152,9.1538,6.0714,1.4848,1.7846,1.5077,0.2755,0.4154,0.9848,0.3538,0.0923,0.0612,0.9846,0.6531
ELA0072_5.txt,5,12.0811,11.6104,7.9821,1.5135,1.8571,1.4545,0.25,0.3636,1.0405,0.3117,0.1558,0.1071,1.2208,0.8393
ELA0073_7.txt,7,15.4127,14.7121,9.0748,1.6984,2.1667,1.6212,0.3084,0.5,1.0476,0.4091,0.2121,0.1308,1.6667,1.028
ELA0074_9.txt,9,18.3214,17.1,9.8654,1.8571,2.45,1.7333,0.3462,0.6,1.0714,0.5,0.25,0.1442,1.9167,1.1058
ELA0075_12.txt,12,23.7273,21.0484,10.7851,2.2,2.8226,1.9516,0.3884,0.7581,1.1273,0.5484,0.371,0.1901,2.4355,1.2479
ELA0076_3.txt,3,8.9545,8.9545,7.2963,1.2273,1.3864,1.2273,0.1667,0.2045,1,0.2045,0.0682,0.0556,0.9091,0.7407
ELA0077_5.txt,5,11.8197,11.4444,7.7527,1.5246,1.8571,1.4762,0.2796,0.4127,1.0328,0.3492,0.1111,0.0753,1.3651,0.9247
ELA0078_7.txt,7,15.8333,14.7414,9,1.7593,2.0172,1.6379,0.3053,0.5,1.0741,0.3448,0.1552,0.0947,2.069,1.2632
ELA0079_9.txt,9,18.9623,16.75,10.1515,1.8679,2.1167,1.65,0.3131,0.5167,1.1321,0.3667,0.2667,0.1616,2.1667,1.3131
ELA0080_12.txt,12,22.3846,20.4211,11.1923,2,2.3684,1.8246,0.3462,0.6316,1.0962,0.4912,0.5088,0.2788,2.7193,1.4904
ELA0081_3.txt,3,9.7674,9.7674,7.2414,1.3488,1.6279,1.3488,0.2069,0.2791,1,0.2558,0.093,0.069,1.2558,0.931
ELA0082_5.txt,5,12.9259,12.2456,8.4096,1.537,1.7895,1.4561,0.1928,0.2807,1.0556,0.2456,0.193,0.1325,1.4912,1.0241
ELA0083_7.txt,7,15.814,14.1667,9.4444,1.6744,1.9375,1.5,0.2222,0.3333,1.1163,0.3333,0.2708,0.1806,1.75,1.1667
ELA0084_9.txt,9,19.7429,18.1842,9.8714,2,2.3684,1.8421,0.3429,0.6316,1.0857,0.3947,0.4211,0.2286,2.2632,1.2286
ELA0085_12.txt,12,22.9643,19.4848,10.2063,2.25,2.5152,1.9091,0.3968,0.7576,1.1786,0.5152,0.3636,0.1905,2.2727,1.1905
ELA0086_3.txt,3,8.52,8.52,6.871,1.24,1.32,1.24,0.1935,0.24,1,0.24,0.18,0.1452,0.76,0.6129
ELA0087_5.txt,5,10.8462,11.0156,8.9241,1.2154,1.3281,1.2344,0.2025,0.25,0.9846,0.25,0.2969,0.2405,1.0938,0.8861
ELA0088_7.txt,7,13.1343,12.5714,9.3617,1.403,1.4571,1.3429,0.234,0.3143,1.0448,0.2857,0.3,0.2234,1.4143,1.0532
ELA0089_9.txt,9,16.4667,15.4375,10.5106,1.5667,1.625,1.4688,0.3085,0.4531,1.0667,0.3906,0.3594,0.2447,1.7812,1.2128
ELA0090_12.txt,12,23.4889,22.4894,12.4353,1.8889,2.0426,1.8085,0.4,0.7234,1.0444,0.617,0.5106,0.2824,2.8723,1.5882
ELA0091_3.txt,3,8.7391,8.9333,7.0526,1.2391,1.6889,1.2667,0.2105,0.2667,0.9783,0.2444,0.0667,0.0526,0.7778,0.614
ELA0092_5.txt,5,12.7736,12.537,8.7922,1.4528,1.9444,1.4259,0.2987,0.4259,1.0189,0.3704,0.1852,0.1299,1.3333,0.9351
ELA0093_7.txt,7,16.5636,16.2679,8.8447,1.8727,2.3571,1.8393,0.4175,0.7679,1.0182,0.5357,0.2321,0.1262,1.9286,1.0485
ELA0094_9.txt,9,19.4151,18.7091,9.4404,2.0566,2.6,1.9818,0.4404,0.8727,1.0377,0.6182,0.3455,0.1743,2.1818,1.1009
ELA0095_12.txt,12,27.386,21.6806,10.993,2.4912,2.5417,1.9722,0.4155,0.8194,1.2632,0.5139,0.4167,0.2113,2.5556,1.2958
ELA0096_3.txt,3,8.5283,8.8627,6.9538,1.2264,1.4706,1.2745,0.1846,0.2353,0.9623,0.2157,0.1373,0.1077,0.5686,0.4462
ELA0097_5.txt,5,11.875,11.4655,8.2099,1.4464,1.7931,1.3966,0.2469,0.3448,1.0357,0.3103,0.2241,0.1605,1.1034,0.7901
ELA0098_7.txt,7,15.2545,14.7193,9.0215,1.6909,2.0702,1.6316,0.3118,0.5088,1.0364,0.4035,0.3333,0.2043,1.5263,0.9355
ELA0099_9.txt,9,17.9375,16.2453,9.8966,1.8125,2.2264,1.6415,0.3103,0.5094,1.1042,0.4151,0.3962,0.2414,1.8491,1.1264
ELA0100_12.txt,12,22.3235,19.4615,10.3973,2.1471,2.5641,1.8718,0.3836,0.7179,1.1471,0.5128,0.5641,0.3014,2.2564,1.2055
ELA0101_3.txt,3,8.7407,8.7407,6.2105,1.4074,1.7037,1.4074,0.1447,0.2037,1,0.2037,0.0741,0.0526,0.6667,0.4737
ELA0102_5.txt,5,11.6,11.7966,7.6484,1.5167,1.9492,1.5424,0.2527,0.3898,0.9833,0.3898,0.2542,0.1648,1.1525,0.7473
ELA0103_7.txt,7,14.4314,14.4314,9.6842,1.4902,1.9216,1.4902,0.2237,0.3333,1,0.3333,0.3922,0.2632,1.549,1.0395
ELA0104_9.txt,9,16.8974,16.8974,11.7679,1.4359,2.2564,1.4359,0.2857,0.4103,1,0.359,0.4615,0.3214,1.9487,1.3571
ELA0105_12.txt,12,23.92,22.1481,13.907,1.72,2.7407,1.5926,0.3488,0.5556,1.08,0.4444,0.6667,0.4186,2.8889,1.814
ELA0106_3.txt,3,9.1224,9.9333,8.5962,1.0612,1.4444,1.1556,0.1154,0.1333,0.9184,0.1111,0.2889,0.25,0.8,0.6923
ELA0107_5.txt,5,11.9831,11.5902,8.8375,1.3559,1.6721,1.3115,0.2,0.2623,1.0339,0.2295,0.2951,0.225,1.0656,0.8125
ELA0108_7.txt,7,15.4,15.1475,10.6207,1.45,2.0164,1.4262,0.2529,0.3607,1.0167,0.3115,0.3934,0.2759,1.6066,1.1264
ELA0109_9.txt,9,18.7018,17.7667,11.2211,1.6667,2.2833,1.5833,0.3053,0.4833,1.0526,0.4,0.4167,0.2632,1.8667,1.1789
ELA0110_12.txt,12,20.8868,19.0862,11.4124,1.8302,2.3103,1.6724,0.3402,0.569,1.0943,0.431,0.5172,0.3093,2.0345,1.2165
ELA0111_3.txt,3,8.84,8.84,6.4058,1.38,1.5,1.38,0.1449,0.2,1,0.18,0.08,0.058,0.78,0.5652
ELA0112_5.txt,5,11.8167,11.4355,7.7912,1.5167,1.6774,1.4677,0.2418,0.3548,1.0333,0.2581,0.1613,0.1099,1.2581,0.8571
ELA0113_7.txt,7,14.6458,13.5192,8.369,1.75,1.8269,1.6154,0.3214,0.5192,1.0833,0.3462,0.2115,0.131,1.5385,0.9524
ELA0114_9.txt,9,17.3,15.7273,8.5432,2.025,2.1136,1.8409,0.358,0.6591,1.1,0.4091,0.3182,0.1728,2.0455,1.1111
ELA0115_12.txt,12,19.6765,18.5833,8.6883,2.2647,2.4444,2.1389,0.4286,0.9167,1.0588,0.5556,0.3889,0.1818,2.4444,1.1429
ELA0116_3.txt,3,9.4865,9.4865,7.6304,1.2432,1.7297,1.2432,0.1957,0.2432,1,0.2432,0.1622,0.1304,0.8378,0.6739
ELA0117_5.txt,5,12,12,9.6,1.25,1.625,1.25,0.1286,0.1607,1,0.1429,0.2679,0.2143,1.3214,1.0571
ELA0118_7.txt,7,15.2292,14.9184,12.6034,1.2083,1.6531,1.1837,0.0862,0.102,1.0208,0.102,0.2857,0.2414,2.0204,1.7069
ELA0119_9.txt,9,19.0541,17.625,14.6875,1.2973,1.875,1.2,0.1042,0.125,1.0811,0.125,0.375,0.3125,2.4,2
ELA0120_12.txt,12,24.8519,22.3667,17.2051,1.4444,2.2333,1.3,0.1538,0.2,1.1111,0.2,0.5333,0.4103,3.1667,2.4359
ELA0121_3.txt,3,8.5745,8.5745,6.5,1.3191,1.5745,1.3191,0.2581,0.3404,1,0.2766,0.0851,0.0645,1.0851,0.8226
ELA0122_5.txt,5,12.4074,11.7544,8.375,1.4815,1.6842,1.4035,0.275,0.386,1.0556,0.3684,0.2281,0.1625,1.4737,1.05
ELA0123_7.txt,7,16.4444,16.1455,9.6522,1.7037,2.0364,1.6727,0.337,0.5636,1.0185,0.4545,0.3636,0.2174,1.8909,1.1304
ELA0124_9.txt,9,18.8654,17.2105,10.1134,1.8654,2.193,1.7018,0.3299,0.5614,1.0962,0.4386,0.3684,0.2165,2.0702,1.2165
ELA0125_12.txt,12,25.0851,20.6842,10.8165,2.3191,2.5088,1.9123,0.3578,0.6842,1.2128,0.5263,0.5088,0.2661,2.614,1.367
ELA0126_3.txt,3,8.6458,9.0217,6.194,1.3958,1.6087,1.4565,0.2687,0.3913,0.9583,0.3696,0.0652,0.0448,0.8696,0.597
ELA0127_5.txt,5,11.25,11.7391,6.9231,1.625,1.9783,1.6957,0.3333,0.5652,0.9583,0.413,0.0652,0.0385,1.3261,0.7821
ELA0128_7.txt,7,13.8605,14.1905,8.5143,1.6279,2.0476,1.6667,0.3571,0.5952,0.9767,0.3571,0.2143,0.1286,1.6429,0.9857
ELA0129_9.txt,9,16.7273,18.4,9.2,1.8182,2.4333,2,0.45,0.9,0.9091,0.5333,0.4,0.2,2.3667,1.1833
ELA0130_12.txt,12,23.4583,22.52,9.2295,2.5417,2.88,2.44,0.5246,1.28,1.0417,0.6,0.44,0.1803,2.96,1.2131
ELA0131_3.txt,3,9.6818,9.4667,6.2647,1.5455,1.7556,1.5111,0.3235,0.4889,1.0227,0.4222,0.0889,0.0588,0.9111,0.6029
ELA0132_5.txt,5,12.075,12.075,7.7903,1.55,1.825,1.55,0.2742,0.425,1,0.375,0.225,0.1452,1.45,0.9355
ELA0133_7.txt,7,15.1724,14.6667,8.6275,1.7586,1.9333,1.7,0.2745,0.4667,1.0345,0.4,0.3333,0.1961,1.9667,1.1569
ELA0134_9.txt,9,19,18.1364,9.7317,1.9524,2.3636,1.8636,0.2683,0.5,1.0476,0.3636,0.4545,0.2439,2.3182,1.2439
ELA0135_12.txt,12,22.8824,21.6111,10.2368,2.2353,2.7222,2.1111,0.2368,0.5,1.0588,0.4444,0.6111,0.2895,2.4444,1.1579
ELA0136_3.txt,3,8.45,8.45,7.0417,1.2,1.25,1.2,0.1875,0.225,1,0.2,0.225,0.1875,1.025,0.8542
ELA0137_5.txt,5,11.1724,11.1724,9,1.2414,1.4655,1.2414,0.2222,0.2759,1,0.2241,0.3276,0.2639,1.3621,1.0972
ELA0138_7.txt,7,13.2239,12.8406,9.9551,1.3284,1.5507,1.2899,0.236,0.3043,1.0299,0.2319,0.3478,0.2697,1.6522,1.2809
ELA0139_9.txt,9,17.1404,16.5593,12.0617,1.4211,1.8475,1.3729,0.2469,0.339,1.0351,0.2712,0.4746,0.3457,2.2373,1.6296
ELA0140_12.txt,12,22.1591,19.898,12.6623,1.75,2.1429,1.5714,0.2857,0.449,1.1136,0.3673,0.5918,0.3766,2.8163,1.7922
ELA0141_3.txt,3,8.6667,8.4783,6,1.4444,1.5,1.413,0.2,0.2826,1.0222,0.2391,0.2174,0.1538,0.8043,0.5692
ELA0142_5.txt,5,11.8077,11.3704,6.9773,1.6923,1.8889,1.6296,0.2841,0.463,1.0385,0.3704,0.2407,0.1477,1.2407,0.7614
ELA0143_7.txt,7,14.2,14.2,8.1609,1.74,2.06,1.74,0.3218,0.56,1,0.44,0.3,0.1724,1.6,0.9195
ELA0144_9.txt,9,18.7778,17.6042,9.2857,2.0222,2.5,1.8958,0.3626,0.6875,1.0667,0.5417,0.3958,0.2088,1.9792,1.044
ELA0145_12.txt,12,27.4333,21.6579,10.2875,2.6667,2.8158,2.1053,0.425,0.8947,1.2667,0.4737,0.4737,0.225,2.7105,1.2875
ELA0146_3.txt,3,8.1228,8.1228,6.7101,1.2105,1.4035,1.2105,0.1884,0.2281,1,0.2281,0.0877,0.0725,0.7193,0.5942
ELA0147_5.txt,5,10.7419,10.918,8.122,1.3226,1.6557,1.3443,0.2073,0.2787,0.9839,0.2459,0.2623,0.1951,1.2295,0.9146
ELA0148_7.txt,7,14.1724,13.7,9.6706,1.4655,1.7833,1.4167,0.2353,0.3333,1.0345,0.3167,0.3667,0.2588,1.7,1.2
ELA0149_9.txt,9,16.8679,16.8679,10.0449,1.6792,2.1698,1.6792,0.3371,0.566,1,0.3962,0.434,0.2584,2.2264,1.3258
ELA0150_12.txt,12,22.4167,20.6923,10.2152,2.1944,2.6923,2.0256,0.4051,0.8205,1.0833,0.5128,0.5128,0.2532,2.7436,1.3544
ELA0151_3.txt,3,9.125,9.2535,7.7294,1.1806,1.4225,1.1972,0.1647,0.1972,0.9861,0.1831,0.1127,0.0941,1.0704,0.8941
ELA0152_5.txt,5,11.5132,11.0759,8.4951,1.3553,1.6076,1.3038,0.2136,0.2785,1.0395,0.2278,0.1392,0.1068,1.3544,1.0388
ELA0153_7.txt,7,15.0128,14.1084,10.5495,1.4231,1.7229,1.3373,0.2432,0.3253,1.0641,0.3253,0.3855,0.2883,1.747,1.3063
ELA0154_9.txt,9,18.1154,17.0241,11.6777,1.5513,1.9398,1.4578,0.3223,0.4699,1.0641,0.4337,0.3855,0.2645,2.3735,1.6281
ELA0155_12.txt,12,21.0476,19.0108,12.9051,1.631,2.0323,1.4731,0.3139,0.4624,1.1071,0.3763,0.6129,0.4161,2.4839,1.6861
ELA0156_3.txt,3,7.6545,8.0962,6.7903,1.1273,1.3462,1.1923,0.1774,0.2115,0.9455,0.1923,0.2115,0.1774,0.8077,0.6774
ELA0157_5.txt,5,10.8462,11.371,7.5,1.4462,1.6774,1.5161,0.3404,0.5161,0.9538,0.371,0.3871,0.2553,1.4194,0.9362
ELA0158_7.txt,7,13.8525,14.322,9.7126,1.4262,1.7288,1.4746,0.3218,0.4746,0.9672,0.3729,0.4746,0.3218,1.7966,1.2184
ELA0159_9.txt,9,16.9615,17.2941,11.9189,1.4231,1.8235,1.451,0.3108,0.451,0.9808,0.2941,0.5882,0.4054,2.3529,1.6216
ELA0160_12.txt,12,17.3878,17.75,12,1.449,1.875,1.4792,0.3239,0.4792,0.9796,0.2917,0.5833,0.3944,2.4792,1.6761
ELA0161_3.txt,3,8.9878,9.0988,7.5204,1.1951,1.284,1.2099,0.1939,0.2346,0.9878,0.2099,0.1605,0.1327,1.3457,1.1122
ELA0162_5.txt,5,10.7037,11.2597,9.1263,1.1728,1.3636,1.2338,0.2211,0.2727,0.9506,0.2597,0.2597,0.2105,1.6364,1.3263
ELA0163_7.txt,7,13.7692,13.9844,10.7831,1.2769,1.4688,1.2969,0.2169,0.2812,0.9846,0.2344,0.4219,0.3253,2.1719,1.6747
ELA0164_9.txt,9,16.7,15.463,11.9286,1.4,1.5556,1.2963,0.2429,0.3148,1.08,0.2593,0.5185,0.4,2.3333,1.8
ELA0165_12.txt,12,23.1622,21.9744,12.4203,1.8649,2.1026,1.7692,0.3768,0.6667,1.0541,0.5128,0.7949,0.4493,3.4359,1.942
ELA0166_3.txt,3,8.6222,8.7519,7.012,1.2296,1.5714,1.2481,0.1747,0.218,0.9852,0.188,0.1128,0.0904,0.8271,0.6627
ELA0167_5.txt,5,11.84,12.0816,8.8358,1.34,1.8367,1.3673,0.2463,0.3367,0.98,0.2653,0.2857,0.209,1.1939,0.8731
ELA0168_7.txt,7,15.0115,15.0115,10.2835,1.4598,1.9885,1.4598,0.2913,0.4253,1,0.3218,0.3793,0.2598,1.7816,1.2205
ELA0169_12.txt,9,17.3012,17.5122,11.2188,1.5422,2.1341,1.561,0.3359,0.5244,0.988,0.3537,0.439,0.2812,2.1341,1.3672
ELA0170_12.txt,12,23.3472,23.3472,12.5448,1.8611,2.6389,1.8611,0.403,0.75,1,0.4861,0.5972,0.3209,2.8611,1.5373
ELA0171_3.txt,3,8.9538,9.0938,6.8471,1.3077,1.5469,1.3281,0.2588,0.3438,0.9846,0.3125,0.0781,0.0588,0.9844,0.7412
ELA0172_5.txt,5,12.2131,12.0161,8.0978,1.5082,1.7419,1.4839,0.3152,0.4677,1.0164,0.371,0.2419,0.163,1.1774,0.7935
ELA0173_7.txt,7,15.9636,14.6333,10.3294,1.5455,1.8333,1.4167,0.3059,0.4333,1.0909,0.3833,0.4333,0.3059,1.65,1.1647
ELA0174_9.txt,9,19.8,17.3684,10.4211,1.9,2.1754,1.6667,0.4211,0.7018,1.14,0.5263,0.5965,0.3579,1.8772,1.1263
ELA0175_12.txt,12,23.0877,19.0725,10.3622,2.2281,2.3623,1.8406,0.4567,0.8406,1.2105,0.5652,0.6087,0.3307,2.2754,1.2362
ELA0176_3.txt,3,9.3529,9.7347,7.8197,1.1961,1.6939,1.2449,0.1148,0.1429,0.9608,0.1429,0.0612,0.0492,0.898,0.7213
ELA0177_5.txt,5,11.8507,11.6765,8.0202,1.4776,1.75,1.4559,0.1818,0.2647,1.0149,0.25,0.1471,0.101,1.3529,0.9293
ELA0178_7.txt,7,14.4328,13.8143,9.7677,1.4776,1.8,1.4143,0.2222,0.3143,1.0448,0.2571,0.2714,0.1919,1.5286,1.0808
ELA0179_9.txt,9,17.5357,16.931,10.3368,1.6964,2.1379,1.6379,0.2737,0.4483,1.0357,0.3621,0.3621,0.2211,1.931,1.1789
ELA0180_12.txt,12,22.4359,20.8333,11.3636,1.9744,2.5,1.8333,0.3506,0.6429,1.0769,0.5,0.5238,0.2857,2.5,1.3636
ELA0181_3.txt,3,8.56,8.56,7.5088,1.14,1.5,1.14,0.1228,0.14,1,0.14,0.04,0.0351,0.64,0.5614
ELA0182_5.txt,5,11.3333,10.7937,8.7179,1.3,1.7302,1.2381,0.1923,0.2381,1.05,0.1746,0.1111,0.0897,1.0317,0.8333
ELA0183_7.txt,7,14.9667,13.403,8.98,1.6667,1.9701,1.4925,0.3,0.4478,1.1167,0.3582,0.1642,0.11,1.3134,0.88
ELA0184_9.txt,9,18.5,15.697,9.5046,1.9464,2.2121,1.6515,0.3486,0.5758,1.1786,0.4697,0.2424,0.1468,1.697,1.0275
ELA0185_12.txt,12,24.6377,20.9877,9.8837,2.4928,2.7531,2.1235,0.4942,1.0494,1.1739,0.5432,0.4444,0.2093,2.4938,1.1744
ELA0186_3.txt,3,9.2093,9.4286,6.8276,1.3488,1.619,1.381,0.2241,0.3095,0.9767,0.2619,0.0952,0.069,0.9762,0.7069
ELA0187_5.txt,5,11.7903,11.6032,8.8072,1.3387,1.4921,1.3175,0.241,0.3175,1.0161,0.2857,0.0952,0.0723,1.4127,1.0723
ELA0188_7.txt,7,15.6,14.5424,11.5946,1.3455,1.6441,1.2542,0.2162,0.2712,1.0727,0.2712,0.1695,0.1351,1.7966,1.4324
ELA0189_9.txt,9,17.9412,16.9444,12.0395,1.4902,1.8519,1.4074,0.3026,0.4259,1.0588,0.2963,0.2963,0.2105,2.1296,1.5132
ELA0190_12.txt,12,27.1562,23.4865,14.9828,1.8125,2.2703,1.5676,0.3621,0.5676,1.1562,0.4054,0.4324,0.2759,2.9189,1.8621
ELA0191_3.txt,3,8.3818,8.6981,6.4028,1.3091,1.6415,1.3585,0.1944,0.2642,0.9636,0.2075,0.1509,0.1111,0.6604,0.4861
ELA0192_5.txt,5,11.3,11.4915,7.2903,1.55,1.9661,1.5763,0.2796,0.4407,0.9833,0.322,0.2034,0.129,1.2034,0.7634
ELA0193_7.txt,7,15.5,15.5,8.2477,1.8793,2.3966,1.8793,0.3394,0.6379,1,0.4483,0.3448,0.1835,1.6379,0.8716
ELA0194_9.txt,9,18.9167,18.5306,9.08,2.0833,2.7551,2.0408,0.39,0.7959,1.0208,0.5102,0.4694,0.23,2.1224,1.04
ELA0195_12.txt,12,24.9655,21.2941,8.2273,3.0345,3.3529,2.5882,0.4659,1.2059,1.1724,0.7059,0.5,0.1932,2.3529,0.9091
ELA0196_3.txt,3,7.8644,7.8644,6.6286,1.1864,1.339,1.1864,0.1286,0.1525,1,0.1525,0.0678,0.0571,0.7458,0.6286
ELA0197_5.txt,5,11.0312,11.3871,7.7582,1.4219,1.6613,1.4677,0.2308,0.3387,0.9688,0.2581,0.2581,0.1758,1.3065,0.8901
ELA0198_7.txt,7,13.875,13.4545,9.3474,1.4844,1.7576,1.4394,0.2105,0.303,1.0312,0.2576,0.3333,0.2316,1.6667,1.1579
ELA0199_9.txt,9,15.6852,15.4,10.3293,1.5185,1.8727,1.4909,0.2073,0.3091,1.0185,0.2909,0.3818,0.2561,1.9273,1.2927
ELA0200_12.txt,12,19.7368,18.2927,10.4167,1.8947,2.1951,1.7561,0.3333,0.5854,1.0789,0.4146,0.4634,0.2639,2.4878,1.4167
ELA0201_3.txt,3,8.1875,8.5435,7.86,1.0417,1.4348,1.087,0.12,0.1304,0.9583,0.1087,0.1087,0.1,0.6739,0.62
ELA0202_5.txt,5,11.5636,11.5636,8.7123,1.3273,1.6909,1.3273,0.2466,0.3273,1,0.2364,0.1818,0.137,1.3636,1.0274
ELA0203_7.txt,7,14.1148,13.4531,9.3587,1.5082,1.9219,1.4375,0.3043,0.4375,1.0492,0.3125,0.2969,0.2065,1.625,1.1304
ELA0204_9.txt,9,15.9344,14.9538,10.0206,1.5902,2.1385,1.4923,0.3299,0.4923,1.0656,0.3846,0.3231,0.2165,1.8308,1.2268
ELA0205_12.txt,12,16.3879,15.3306,10.5611,1.5517,1.9919,1.4516,0.3,0.4355,1.069,0.3387,0.2177,0.15,1.9758,1.3611
ELA0206_3.txt,3,8.7294,8.7294,7.0667,1.2353,1.4941,1.2353,0.1714,0.2118,1,0.1882,0.0824,0.0667,0.9176,0.7429
ELA0207_5.txt,5,11.5234,11.4167,8.2752,1.3925,1.6111,1.3796,0.2349,0.3241,1.0093,0.2963,0.1759,0.1275,1.4444,1.047
ELA0208_7.txt,7,14.8384,13.8585,9.239,1.6061,1.7642,1.5,0.3019,0.4528,1.0707,0.3774,0.2736,0.1824,1.8019,1.2013
ELA0209_9.txt,9,18.8734,16.7528,9.6818,1.9494,2.0899,1.7303,0.3831,0.6629,1.1266,0.4831,0.382,0.2208,2.2584,1.3052
ELA0210_12.txt,12,23.6129,20.717,10.1198,2.3333,2.4811,2.0472,0.4562,0.934,1.1398,0.5943,0.4811,0.235,2.7642,1.3502
ELA0211_3.txt,3,8.8837,9.0952,6.9455,1.2791,1.6667,1.3095,0.2364,0.3095,0.9767,0.3095,0.119,0.0909,0.9286,0.7091
ELA0212_5.txt,5,11.7273,11.5179,8.6,1.3636,1.6964,1.3393,0.1867,0.25,1.0182,0.2321,0.0893,0.0667,1.3393,1
ELA0213_7.txt,7,14.4237,14.1833,10.6375,1.3559,1.9,1.3333,0.2125,0.2833,1.0169,0.2333,0.15,0.1125,1.85,1.3875
ELA0214_9.txt,9,16.4839,15.4848,11.2308,1.4677,1.9697,1.3788,0.2308,0.3182,1.0645,0.2424,0.303,0.2198,1.9697,1.4286
ELA0215_12.txt,12,23.5667,21.7538,12.7387,1.85,2.5538,1.7077,0.3423,0.5846,1.0833,0.3692,0.5231,0.3063,2.8462,1.6667
ELA0216_3.txt,3,8.9574,9.3556,7.386,1.2128,1.5778,1.2667,0.2105,0.2667,0.9574,0.2444,0.1778,0.1404,1.1111,0.8772
ELA0217_5.txt,5,11.5167,11.1452,7.1237,1.6167,1.871,1.5645,0.3093,0.4839,1.0333,0.3871,0.1935,0.1237,1.4677,0.9381
ELA0218_7.txt,7,14.6557,14.1905,8.94,1.6393,2.0794,1.5873,0.3,0.4762,1.0328,0.3333,0.2381,0.15,2.0952,1.32
ELA0219_9.txt,9,16.5082,15.9841,9.2385,1.7869,2.1905,1.7302,0.3119,0.5397,1.0328,0.381,0.3492,0.2018,2.3016,1.3303
ELA0220_12.txt,12,24.0377,22.3509,10.0315,2.3962,2.7544,2.2281,0.4409,0.9825,1.0755,0.5965,0.5263,0.2362,3.4912,1.5669
ELA0221_3.txt,3,8.7115,8.7115,7.678,1.1346,1.2885,1.1346,0.1356,0.1538,1,0.1538,0.1346,0.1186,1.1154,0.9831
ELA0222_5.txt,5,12,11.7966,8.4878,1.4138,1.6271,1.3898,0.2561,0.3559,1.0172,0.2881,0.2542,0.1829,1.5593,1.122
ELA0223_7.txt,7,15.25,14.2766,10.1667,1.5,1.8085,1.4043,0.2727,0.383,1.0682,0.3191,0.383,0.2727,1.7447,1.2424
ELA0224_9.txt,9,17.7353,16.75,10.2203,1.7353,2.0833,1.6389,0.3559,0.5833,1.0588,0.4444,0.4444,0.2712,2.25,1.3729
ELA0225_12.txt,12,21.4815,18.7097,10.9434,1.963,2.1935,1.7097,0.3774,0.6452,1.1481,0.3548,0.5161,0.3019,2.5806,1.5094
ELA0226_3.txt,3,8.4,8.4,7,1.2,1.4364,1.2,0.1667,0.2,1,0.2,0.0727,0.0606,0.7091,0.5909
ELA0227_5.txt,5,11.4318,11.4318,8.6724,1.3182,1.6136,1.3182,0.2069,0.2727,1,0.2273,0.1818,0.1379,1.1591,0.8793
ELA0228_7.txt,7,15.5294,14.6667,9.9623,1.5588,1.8611,1.4722,0.283,0.4167,1.0588,0.3333,0.3333,0.2264,1.8611,1.2642
ELA0229_9.txt,9,21.6,18,11.4894,1.88,2.1,1.5667,0.383,0.6,1.2,0.4667,0.4667,0.2979,2.4667,1.5745
ELA0230_12.txt,12,29,22.0952,12.2105,2.375,2.4762,1.8095,0.3684,0.6667,1.3125,0.5238,0.4762,0.2632,3,1.6579
ELA0231_3.txt,3,9,9.4909,7.1507,1.2586,1.4727,1.3273,0.2192,0.2909,0.9483,0.2909,0.0909,0.0685,1.1273,0.8493
ELA0232_5.txt,5,12.2687,12.2687,8.8387,1.3881,1.6716,1.3881,0.2581,0.3582,1,0.3433,0.1791,0.129,1.597,1.1505
ELA0233_7.txt,7,15.9048,15.1818,9.3645,1.6984,1.9697,1.6212,0.2804,0.4545,1.0476,0.3636,0.3636,0.2243,1.9091,1.1776
ELA0234_9.txt,9,19.4912,18.5167,10.1927,1.9123,2.2833,1.8167,0.3394,0.6167,1.0526,0.4667,0.5,0.2752,2.3167,1.2752
ELA0235_12.txt,12,20.85,18.9545,10.1707,2.05,2.3485,1.8636,0.3577,0.6667,1.1,0.5,0.3636,0.1951,2.4545,1.3171
ELA0236_3.txt,3,8.4915,8.6379,6.9583,1.2203,1.5517,1.2414,0.2361,0.2931,0.9831,0.2586,0.069,0.0556,0.9483,0.7639
ELA0237_5.txt,5,11.85,12.6964,8.3647,1.4167,1.875,1.5179,0.3059,0.4643,0.9333,0.3571,0.1429,0.0941,1.6786,1.1059
ELA0238_7.txt,7,14.0317,13.6,9.8222,1.4286,1.8462,1.3846,0.2667,0.3692,1.0317,0.3077,0.2154,0.1556,1.8308,1.3222
ELA0239_9.txt,9,16.1964,16.4909,10.3068,1.5714,2.1091,1.6,0.3068,0.4909,0.9821,0.3636,0.3273,0.2045,2.3091,1.4432
ELA0240_12.txt,12,22.8889,20.6,11.4444,2,2.45,1.8,0.3889,0.7,1.1111,0.475,0.5,0.2778,3.125,1.7361
ELA0241_3.txt,3,8.8654,8.6981,6.5857,1.3462,1.7925,1.3208,0.2286,0.3019,1.0192,0.3019,0.1321,0.1,0.7547,0.5714
ELA0242_5.txt,5,10.8289,10.8289,7.8381,1.3816,1.9211,1.3816,0.2667,0.3684,1,0.3158,0.1711,0.1238,1.1184,0.8095
ELA0243_7.txt,7,14.24,14.0526,9.1282,1.56,2.1579,1.5395,0.3077,0.4737,1.0133,0.3947,0.2763,0.1795,1.7368,1.1282
ELA0244_9.txt,9,17.5692,17.303,10.5741,1.6615,2.2576,1.6364,0.3148,0.5152,1.0154,0.3939,0.4545,0.2778,2.197,1.3426
ELA0245_12.txt,12,23.381,21.9851,12.4831,1.873,2.597,1.7612,0.3559,0.6269,1.0635,0.4627,0.5075,0.2881,3.1045,1.7627
ELA0246_3.txt,3,9.2549,9.0769,6.6479,1.3922,1.5577,1.3654,0.2254,0.3077,1.0196,0.25,0.0192,0.0141,0.7692,0.5634
ELA0247_5.txt,5,11.8947,11.4915,8.1687,1.4561,1.661,1.4068,0.253,0.3559,1.0351,0.2881,0.0339,0.0241,1.2203,0.8675
ELA0248_7.txt,7,17.06,16.4038,9.2717,1.84,2.2692,1.7692,0.3587,0.6346,1.04,0.4231,0.2308,0.1304,2,1.1304
ELA0249_9.txt,9,20.4314,20.84,10.1165,2.0196,2.58,2.06,0.3883,0.8,0.9804,0.58,0.52,0.2524,2.54,1.233
ELA0250_12.txt,12,25.1277,24.102,9.5242,2.6383,3.0204,2.5306,0.4355,1.102,1.0426,0.6531,0.551,0.2177,2.9184,1.1532
ELA0251_3.txt,3,9.2105,9.5455,7.0946,1.2982,1.6364,1.3455,0.2297,0.3091,0.9649,0.2909,0.0909,0.0676,0.8364,0.6216
ELA0252_5.txt,5,12.1719,11.1286,7.7129,1.5781,1.7714,1.4429,0.2574,0.3714,1.0938,0.3143,0.1857,0.1287,1.0571,0.7327
ELA0253_7.txt,7,15.6825,14.5294,9.5922,1.6349,1.9412,1.5147,0.3107,0.4706,1.0794,0.3676,0.2794,0.1845,1.6324,1.0777
ELA0254_9.txt,9,18.6038,17,9.7624,1.9057,2.2759,1.7414,0.3762,0.6552,1.0943,0.4655,0.3103,0.1782,1.8621,1.0693
ELA0255_12.txt,12,22.3571,19.9787,10.4333,2.1429,2.4681,1.9149,0.4,0.766,1.119,0.5106,0.4043,0.2111,2.2553,1.1778
ELA0256_3.txt,3,9.1429,9.1429,6.8923,1.3265,1.7551,1.3265,0.2462,0.3265,1,0.3061,0.0816,0.0615,0.8571,0.6462
ELA0257_5.txt,5,12.56,12.56,7.6585,1.64,2.22,1.64,0.3659,0.6,1,0.46,0.18,0.1098,1.54,0.939
ELA0258_7.txt,7,15.4182,16,8.396,1.8364,2.3208,1.9057,0.4356,0.8302,0.9636,0.6038,0.2453,0.1287,2.2264,1.1683
ELA0259_9.txt,9,19.8696,19.0417,9.3265,2.1304,2.5833,2.0417,0.4694,0.9583,1.0435,0.6667,0.2708,0.1327,2.8333,1.3878
ELA0260_12.txt,12,24.4595,23.2051,9.837,2.4865,3.1026,2.359,0.5109,1.2051,1.0541,0.7436,0.3077,0.1304,3.4615,1.4674
ELA0261_3.txt,3,8.4727,8.4727,7.1692,1.1818,1.3636,1.1818,0.1231,0.1455,1,0.1455,0.0909,0.0769,0.7273,0.6154
ELA0262_5.txt,5,11.6333,10.9062,8.725,1.3333,1.4062,1.25,0.1625,0.2031,1.0667,0.1562,0.1719,0.1375,1.2031,0.9625
ELA0263_7.txt,7,14.8033,13.6818,9.4062,1.5738,1.7424,1.4545,0.2396,0.3485,1.082,0.2879,0.303,0.2083,1.6667,1.1458
ELA0264_9.txt,9,18.5185,16.6667,10.8696,1.7037,2.0333,1.5333,0.3043,0.4667,1.1111,0.3833,0.4167,0.2717,2.0167,1.3152
ELA0265_12.txt,12,21.4902,18.5763,10.2911,2.0882,2.3983,1.8051,0.385,0.6949,1.1569,0.4576,0.3644,0.2019,2.2542,1.2488
ELA0266_3.txt,3,8.898,8.898,7.2667,1.2245,1.3469,1.2245,0.1333,0.1633,1,0.1633,0.1837,0.15,1.102,0.9
ELA0267_5.txt,5,11.5079,11.3281,8.3333,1.381,1.625,1.3594,0.1839,0.25,1.0159,0.2031,0.1719,0.1264,1.5469,1.1379
ELA0268_7.txt,7,14.6379,14.8947,8.8438,1.6552,2.0702,1.6842,0.2604,0.4386,0.9828,0.2807,0.1228,0.0729,2.1754,1.2917
ELA0269_9.txt,9,17.4,17.7222,10.0737,1.7273,2.2593,1.7593,0.3158,0.5556,0.9818,0.3333,0.2593,0.1474,2.6481,1.5053
ELA0270_12.txt,12,27.5714,25.3947,12.3718,2.2286,2.7632,2.0526,0.4487,0.9211,1.0857,0.5263,0.5526,0.2692,4.1579,2.0256
ELA0271_3.txt,3,8.4,8.2727,7.6901,1.0923,1.2727,1.0758,0.0845,0.0909,1.0154,0.0758,0.1212,0.1127,0.7273,0.6761
ELA0272_5.txt,5,12.2881,12.2881,9.9315,1.2373,1.5763,1.2373,0.137,0.1695,1,0.1356,0.1525,0.1233,1.4746,1.1918
ELA0273_7.txt,7,14.0923,14.7742,11.0361,1.2769,1.7258,1.3387,0.1807,0.2419,0.9538,0.2097,0.1935,0.1446,2.0484,1.5301
ELA0274_9.txt,9,16.9623,15.7719,11.0988,1.5283,1.8246,1.4211,0.2346,0.3333,1.0755,0.2807,0.2105,0.1481,2.1754,1.5309
ELA0275_12.txt,12,19.9762,17.8511,11.8169,1.6905,2,1.5106,0.2676,0.4043,1.119,0.383,0.1915,0.1268,2.5745,1.7042
ELA0276_3.txt,3,9.25,9.25,7.5254,1.2292,1.4583,1.2292,0.1186,0.1458,1,0.1458,0.1458,0.1186,0.6667,0.5424
ELA0277_5.txt,5,13.1111,12.6429,8.962,1.463,1.7321,1.4107,0.2278,0.3214,1.037,0.2679,0.25,0.1772,1.4107,1
ELA0278_7.txt,7,15.8621,15.082,10.5747,1.5,1.9016,1.4262,0.2759,0.3934,1.0517,0.3115,0.2623,0.1839,1.6885,1.1839
ELA0279_9.txt,9,18.5926,17.614,11.4091,1.6296,2,1.5439,0.2955,0.4561,1.0556,0.3509,0.3684,0.2386,2.2105,1.4318
ELA0280_12.txt,12,23.8864,20.6078,11.6778,2.0455,2.3333,1.7647,0.3333,0.5882,1.1591,0.451,0.3922,0.2222,2.7843,1.5778
ELA0281_3.txt,3,8.1875,8.5435,8.5435,0.9583,1.2174,1,0.0435,0.0435,0.9583,0.0435,0.0435,0.0435,0.913,0.913
ELA0282_5.txt,5,11.0727,11.2778,9.8226,1.1273,1.4259,1.1481,0.0968,0.1111,0.9818,0.0926,0.1481,0.129,1.3519,1.1774
ELA0283_7.txt,7,13.6042,13.6042,9.8939,1.375,1.6875,1.375,0.1818,0.25,1,0.25,0.1667,0.1212,1.7083,1.2424
ELA0284_9.txt,9,17.0556,16.5946,11.5849,1.4722,1.7568,1.4324,0.2453,0.3514,1.0278,0.3243,0.2432,0.1698,2.0541,1.434
ELA0285_12.txt,12,24.1923,25.16,12.8367,1.8846,2.44,1.96,0.3673,0.72,0.9615,0.56,0.48,0.2449,3.48,1.7755
ELA0286_3.txt,3,8.9167,8.9167,7.2542,1.2292,1.2917,1.2292,0.1695,0.2083,1,0.1875,0,0,0.6458,0.5254
ELA0287_5.txt,5,11.8305,12.0345,8.4096,1.4068,1.5172,1.431,0.2892,0.4138,0.9831,0.3621,0.0862,0.0602,1.2931,0.9036
ELA0288_7.txt,7,15.5455,15.5455,10.3012,1.5091,1.7636,1.5091,0.3012,0.4545,1,0.4,0.1818,0.1205,1.8545,1.2289
ELA0289_9.txt,9,17.8261,18.2222,11.5493,1.5435,2,1.5778,0.3239,0.5111,0.9783,0.4667,0.2444,0.1549,2.2222,1.4085
ELA0290_12.txt,12,27.2069,23.9091,11.9545,2.2759,2.5152,2,0.4242,0.8485,1.1379,0.6061,0.3636,0.1818,3.1212,1.5606
ELA0291_3.txt,3,7.5357,7.6727,6.918,1.0893,1.3091,1.1091,0.0984,0.1091,0.9821,0.1091,0.0909,0.082,0.6545,0.5902
ELA0292_5.txt,5,10.8438,10.8438,8.4634,1.2812,1.5938,1.2812,0.1951,0.25,1,0.1875,0.2031,0.1585,1.2031,0.939
ELA0293_7.txt,7,14.5161,14.0625,10.1124,1.4355,1.8125,1.3906,0.2697,0.375,1.0323,0.2812,0.2812,0.2022,1.7812,1.2809
ELA0294_9.txt,9,18.32,17.283,10.6512,1.72,2.1321,1.6226,0.3721,0.6038,1.06,0.3585,0.434,0.2674,2.2642,1.3953
ELA0295_12.txt,12,25.8621,21.4286,11.3636,2.2759,2.6571,1.8857,0.4242,0.8,1.2069,0.4857,0.4286,0.2273,2.7429,1.4545
ELA0296_3.txt,3,9.1528,9.1528,7.5747,1.2083,1.4306,1.2083,0.1264,0.1528,1,0.1528,0.0556,0.046,0.9583,0.7931
ELA0297_5.txt,5,11.5972,11.4384,8.7895,1.3194,1.589,1.3014,0.1895,0.2466,1.0139,0.2329,0.1096,0.0842,1.3425,1.0316
ELA0298_7.txt,7,14.6562,13.5942,9.8737,1.4844,1.7971,1.3768,0.2632,0.3623,1.0781,0.3043,0.2174,0.1579,1.6377,1.1895
ELA0299_9.txt,9,17.3621,15.9841,10.9457,1.5862,1.9365,1.4603,0.25,0.3651,1.0862,0.3333,0.254,0.1739,1.9365,1.3261
ELA0300_12.txt,12,22.7949,21.1667,12.5211,1.8205,2.4524,1.6905,0.338,0.5714,1.0769,0.4524,0.3333,0.1972,2.8095,1.662
ELA0301_3.txt,3,8.5185,8.8462,6.9697,1.2222,1.4423,1.2692,0.1515,0.1923,0.963,0.1538,0.1346,0.1061,0.8846,0.697
ELA0302_5.txt,5,12.2632,11.8475,7.7667,1.5789,1.8983,1.5254,0.2667,0.4068,1.0351,0.3559,0.2034,0.1333,1.1864,0.7778
ELA0303_7.txt,7,15,14.3478,8.5714,1.75,2.1739,1.6739,0.3247,0.5435,1.0455,0.5,0.2609,0.1558,1.4348,0.8571
ELA0304_9.txt,9,18.4054,16.6098,9.7286,1.8919,2.3415,1.7073,0.3429,0.5854,1.1081,0.4634,0.3171,0.1857,2.0488,1.2
ELA0305_12.txt,12,23.64,21.1071,9.85,2.4,3.0357,2.1429,0.4,0.8571,1.12,0.5714,0.5,0.2333,2.3571,1.1
ELA0306_3.txt,3,8.8289,8.8289,6.71,1.3158,1.5132,1.3158,0.22,0.2895,1,0.2632,0.0921,0.07,0.8289,0.63
ELA0307_5.txt,5,13.6491,13.4138,7.6275,1.7895,2,1.7586,0.3529,0.6207,1.0175,0.5345,0.2241,0.1275,1.5862,0.902
ELA0308_7.txt,7,15.8125,15.3333,7.845,2.0156,2.3333,1.9545,0.4109,0.803,1.0312,0.6364,0.303,0.155,1.8939,0.969
ELA0309_9.txt,9,19.5667,17.7879,8.6324,2.2667,2.5,2.0606,0.4118,0.8485,1.1,0.6364,0.2727,0.1324,2.2121,1.0735
ELA0310_12.txt,12,28.4773,25.5714,9.146,3.1136,3.4898,2.7959,0.5328,1.4898,1.1136,0.7959,0.4286,0.1533,3.2449,1.1606
ELA0311_3.txt,3,9.1064,9.1064,7.0164,1.2979,1.5532,1.2979,0.2131,0.2766,1,0.2128,0.1489,0.1148,1.1489,0.8852
ELA0312_5.txt,5,12,11.8033,8.2759,1.45,1.7213,1.4262,0.2644,0.377,1.0167,0.3279,0.2623,0.1839,1.459,1.023
ELA0313_7.txt,7,14.3607,13.9048,9.125,1.5738,1.7778,1.5238,0.2396,0.3651,1.0328,0.2698,0.2698,0.1771,1.7937,1.1771
ELA0314_9.txt,9,18.0364,16.8136,11.1461,1.6182,1.8983,1.5085,0.2472,0.3729,1.0727,0.339,0.3898,0.2584,2.3051,1.5281
ELA0315_12.txt,12,22.0889,18.7547,10.6882,2.0667,2.2453,1.7547,0.3226,0.566,1.1778,0.4151,0.5472,0.3118,2.4906,1.4194
ELA0316_3.txt,3,8.7857,8.7857,7.5692,1.1607,1.2679,1.1607,0.1385,0.1607,1,0.1607,0.0893,0.0769,0.7679,0.6615
ELA0317_5.txt,5,11.6316,11.6316,9.2083,1.2632,1.4211,1.2632,0.2222,0.2807,1,0.2456,0.1754,0.1389,1.4035,1.1111
ELA0318_7.txt,7,14.375,13.2692,9.8571,1.4583,1.5962,1.3462,0.2571,0.3462,1.0833,0.2885,0.1923,0.1429,1.7308,1.2857
ELA0319_9.txt,9,16.6579,16.2308,10.7288,1.5526,1.9231,1.5128,0.339,0.5128,1.0263,0.4359,0.0769,0.0508,2.1795,1.4407
ELA0320_12.txt,12,23.1667,19.1724,11.12,2.0833,2.1379,1.7241,0.4,0.6897,1.2083,0.5172,0.2069,0.12,2.4483,1.42
ELA0321_3.txt,3,8.6024,8.8148,6.6729,1.2892,1.8395,1.321,0.2617,0.3457,0.9759,0.2963,0.1481,0.1121,0.8148,0.6168
ELA0322_5.txt,5,12.913,13.1029,8.6505,1.4928,2.0735,1.5147,0.3495,0.5294,0.9855,0.4265,0.3676,0.2427,1.5294,1.0097
ELA0323_7.txt,7,14.8861,15.0769,9.1163,1.6329,2.1923,1.6538,0.3798,0.6282,0.9873,0.4487,0.4744,0.2868,2.1026,1.2713
ELA0324_9.txt,9,17.9714,18.2319,9.6769,1.8571,2.5362,1.8841,0.4308,0.8116,0.9857,0.5797,0.6522,0.3462,2.3913,1.2692
ELA0325_12.txt,12,24.0208,24.0208,10.8774,2.2083,3.1458,2.2083,0.4717,1.0417,1,0.6875,0.875,0.3962,3.125,1.4151
ELA0326_3.txt,3,9.3019,10.0612,6.7534,1.3774,1.9184,1.4898,0.2603,0.3878,0.9245,0.3469,0.0816,0.0548,1.0204,0.6849
ELA0327_5.txt,5,11.8254,11.8254,7.7604,1.5238,1.9524,1.5238,0.2604,0.3968,1,0.3651,0.1905,0.125,1.1746,0.7708
ELA0328_7.txt,7,14.6719,14.0149,8.3839,1.75,2.1194,1.6716,0.3214,0.5373,1.0469,0.4328,0.2537,0.1518,1.5522,0.9286
ELA0329_9.txt,9,18.7407,17.1525,9.2,2.037,2.4237,1.8644,0.3727,0.6949,1.0926,0.5254,0.3729,0.2,1.8983,1.0182
ELA0330_12.txt,12,19.66,18.2037,9.83,2,2.5,1.8519,0.38,0.7037,1.08,0.5185,0.4259,0.23,2.0185,1.09
ELA0331_3.txt,3,7.7143,7.7143,6.2609,1.2321,1.375,1.2321,0.2174,0.2679,1,0.1964,0.1429,0.1159,0.8214,0.6667
ELA0332_5.txt,5,10.9111,11.1591,8.7679,1.2444,1.6136,1.2727,0.2143,0.2727,0.9778,0.2273,0.3182,0.25,1.2955,1.0179
ELA0333_7.txt,7,14.6471,13.8333,9.5769,1.5294,1.75,1.4444,0.2885,0.4167,1.0588,0.3611,0.5,0.3462,1.4444,1
ELA0334_9.txt,9,18.2222,15.871,11.1818,1.6296,1.8065,1.4194,0.3409,0.4839,1.1481,0.4194,0.5806,0.4091,1.8387,1.2955
ELA0335_12.txt,12,24.5789,19.4583,11.119,2.2105,2.2083,1.75,0.4048,0.7083,1.2632,0.5833,0.7917,0.4524,2.1667,1.2381
ELA0336_3.txt,3,8.4605,8.5733,7.0659,1.1974,1.3067,1.2133,0.1209,0.1467,0.9868,0.1467,0.1333,0.1099,0.8267,0.6813
ELA0337_5.txt,5,11.597,11.2609,7.4712,1.5522,1.7681,1.5072,0.2885,0.4348,1.0299,0.3768,0.1884,0.125,1.2464,0.8269
ELA0338_7.txt,7,15.3704,14.3103,8.9247,1.7222,1.9828,1.6034,0.3333,0.5345,1.0741,0.4655,0.2931,0.1828,1.7759,1.1075
ELA0339_9.txt,9,18.7805,17.1111,9.0588,2.0732,2.3111,1.8889,0.4235,0.8,1.0976,0.6,0.3333,0.1765,2.1333,1.1294
ELA0340_12.txt,12,24.5862,21.6061,9.6351,2.5517,2.8788,2.2424,0.4865,1.0909,1.1379,0.7576,0.4545,0.2027,2.7879,1.2432
ELA0341_3.txt,3,9.7234,9.9348,8.463,1.1489,1.6087,1.1739,0.1667,0.1957,0.9787,0.1739,0.0652,0.0556,1,0.8519
ELA0342_5.txt,5,12.1667,11.9672,9.359,1.3,1.5574,1.2787,0.1667,0.2131,1.0167,0.1967,0.1475,0.1154,1.1639,0.9103
ELA0343_7.txt,7,16.0784,15.1852,10,1.6078,1.8889,1.5185,0.2439,0.3704,1.0588,0.2778,0.2407,0.1585,1.6111,1.061
ELA0344_9.txt,9,19.7857,19.3256,10.9342,1.8095,2.3256,1.7674,0.3289,0.5814,1.0238,0.3953,0.3488,0.1974,2.0465,1.1579
ELA0345_12.txt,12,24.6129,22.4412,10.9,2.2581,2.8235,2.0588,0.4,0.8235,1.0968,0.4118,0.4118,0.2,2.2059,1.0714
ELA0346_3.txt,3,8.2115,8.7143,7.1167,1.1538,1.6122,1.2245,0.1833,0.2245,0.9423,0.2245,0.102,0.0833,0.7551,0.6167
ELA0347_5.txt,5,10.9394,10.7761,7.6,1.4394,1.8806,1.4179,0.3053,0.4328,1.0152,0.3582,0.1045,0.0737,1.194,0.8421
ELA0348_7.txt,7,14.8704,14.0877,8.1111,1.8333,2.3684,1.7368,0.3333,0.5789,1.0556,0.4561,0.193,0.1111,1.4561,0.8384
ELA0349_9.txt,9,19.9348,17.6346,8.8173,2.2609,2.7885,2,0.3846,0.7692,1.1304,0.5769,0.25,0.125,1.8077,0.9038
ELA0350_12.txt,12,26.7576,22.075,9.3936,2.8485,3.475,2.35,0.4468,1.05,1.2121,0.675,0.375,0.1596,2.35,1
ELA0351_3.txt,3,8.4118,8.4118,7.15,1.1765,1.2647,1.1765,0.2,0.2353,1,0.2353,0.1176,0.1,0.7647,0.65
ELA0352_5.txt,5,11.8837,11.8837,8.661,1.3721,1.5116,1.3721,0.3051,0.4186,1,0.3721,0.1395,0.1017,1.5814,1.1525
ELA0353_7.txt,7,14.6333,15.6786,9.5435,1.5333,1.8214,1.6429,0.3478,0.5714,0.9333,0.5,0.1786,0.1087,2.25,1.3696
ELA0354_9.txt,9,18.25,18.25,11.5263,1.5833,1.875,1.5833,0.3158,0.5,1,0.4167,0.375,0.2368,2.4167,1.5263
ELA0355_12.txt,12,23.8235,22.5,12.6562,1.8824,2.3889,1.7778,0.3438,0.6111,1.0588,0.5,0.5556,0.3125,2.5556,1.4375
ELA0356_3.txt,3,8.6154,8.6154,6.4928,1.3269,1.4038,1.3269,0.1884,0.25,1,0.2115,0.1154,0.087,0.8654,0.6522
ELA0357_5.txt,5,12.6852,11.8103,7.3656,1.7222,1.8621,1.6034,0.2796,0.4483,1.0741,0.3276,0.2241,0.1398,1.2931,0.8065
ELA0358_7.txt,7,16.8205,16,8.7467,1.9231,2.1951,1.8293,0.36,0.6585,1.0513,0.3902,0.439,0.24,1.9756,1.08
ELA0359_9.txt,9,20.129,18.9091,9.0435,2.2258,2.6061,2.0909,0.3913,0.8182,1.0645,0.5152,0.5758,0.2754,2.3939,1.1449
ELA0360_12.txt,12,21.9286,20.4667,9.0294,2.4286,2.7333,2.2667,0.4265,0.9667,1.0714,0.5667,0.6333,0.2794,2.6,1.1471
ELA0361_3.txt,3,9.6,9.6,6.5455,1.4667,1.9111,1.4667,0.1818,0.2667,1,0.2444,0.1111,0.0758,0.6444,0.4394
ELA0362_5.txt,5,12.7455,12.0862,7.0808,1.8,2.1724,1.7069,0.2323,0.3966,1.0545,0.3448,0.1724,0.101,1.0517,0.6162
ELA0363_7.txt,7,16.2182,14.1587,8.4952,1.9091,2.1746,1.6667,0.2571,0.4286,1.1455,0.381,0.2381,0.1429,1.3333,0.8
ELA0364_9.txt,9,20.26,16.6066,9.2091,2.2,2.4426,1.8033,0.3182,0.5738,1.22,0.4754,0.2787,0.1545,1.7049,0.9455
ELA0365_12.txt,12,22.7321,19,9.3603,2.4286,2.7463,2.0299,0.3309,0.6716,1.1964,0.4925,0.4179,0.2059,2.1343,1.0515
ELA0366_3.txt,3,9.2321,9.4,7.9538,1.1607,1.6182,1.1818,0.1846,0.2182,0.9821,0.2,0.0545,0.0462,1.0909,0.9231
ELA0367_5.txt,5,12.2969,12.2969,9.716,1.2656,1.7344,1.2656,0.2222,0.2812,1,0.2344,0.1719,0.1358,1.2969,1.0247
ELA0368_7.txt,7,15.68,15.68,11.0423,1.42,1.98,1.42,0.2817,0.4,1,0.34,0.28,0.1972,1.6,1.1268
ELA0369_9.txt,9,18.525,17.6429,11.2273,1.65,2.2381,1.5714,0.3182,0.5,1.05,0.4286,0.4286,0.2727,1.7381,1.1061
ELA0370_12.txt,12,22.9355,21.5455,11.85,1.9355,2.6061,1.8182,0.3833,0.697,1.0645,0.5455,0.6061,0.3333,2.2727,1.25
ELA0371_3.txt,3,8.1538,8.3137,7.0667,1.1538,1.3333,1.1765,0.1667,0.1961,0.9808,0.1569,0.0588,0.05,0.6863,0.5833
ELA0372_5.txt,5,11.1111,10.9375,8.4337,1.3175,1.6719,1.2969,0.241,0.3125,1.0159,0.2656,0.1562,0.1205,1.0625,0.8193
ELA0373_7.txt,7,14.6034,14.1167,10.7215,1.3621,1.8,1.3167,0.2532,0.3333,1.0345,0.3,0.2667,0.2025,1.5667,1.1899
ELA0374_9.txt,9,17.2653,16.92,11.1316,1.551,2.12,1.52,0.3289,0.5,1.0204,0.38,0.38,0.25,1.84,1.2105
ELA0375_12.txt,12,24.5625,22.4571,12.0923,2.0312,2.6286,1.8571,0.3846,0.7143,1.0938,0.5714,0.4286,0.2308,2.6286,1.4154
ELA0376_3.txt,3,8.7143,8.7143,7,1.2449,1.4694,1.2449,0.2131,0.2653,1,0.2245,0.1224,0.0984,0.9388,0.7541
ELA0377_5.txt,5,11.6207,11.0492,8.5316,1.3621,1.5738,1.2951,0.2278,0.2951,1.0517,0.2623,0.1967,0.1519,1.3279,1.0253
ELA0378_7.txt,7,14.6721,13.9844,10.1705,1.4426,1.6719,1.375,0.2614,0.3594,1.0492,0.3281,0.3125,0.2273,1.6719,1.2159
ELA0379_9.txt,9,18.2885,16.1186,10.5667,1.7308,1.8814,1.5254,0.3111,0.4746,1.1346,0.4068,0.339,0.2222,2.0847,1.3667
ELA0380_12.txt,12,27.9459,22.4783,12.7654,2.1892,2.2174,1.7609,0.358,0.6304,1.2432,0.5,0.5217,0.2963,3.1304,1.7778
ELA0381_3.txt,3,9.4565,9.0625,6.5909,1.4348,1.4792,1.375,0.2121,0.2917,1.0435,0.2708,0.0833,0.0606,0.8958,0.6515
ELA0382_5.txt,5,12.9804,12.4906,8.7105,1.4902,1.6604,1.434,0.1974,0.283,1.0392,0.2453,0.1887,0.1316,1.4151,0.9868
ELA0383_7.txt,7,14.5714,14.3158,9.7143,1.5,1.8947,1.4737,0.2143,0.3158,1.0179,0.2632,0.2632,0.1786,1.6316,1.1071
ELA0384_9.txt,9,18.36,16.6909,9.6632,1.9,2.2545,1.7273,0.3263,0.5636,1.1,0.3636,0.3273,0.1895,1.9455,1.1263
ELA0385_12.txt,12,20.814,18.6458,9.8352,2.1163,2.5,1.8958,0.3626,0.6875,1.1163,0.4375,0.3542,0.1868,2.25,1.1868
ELA0386_3.txt,3,8.4694,8.6458,6.2879,1.3469,1.5625,1.375,0.197,0.2708,0.9796,0.2083,0.0417,0.0303,0.9167,0.6667
ELA0387_5.txt,5,11.7759,11.7759,7.7614,1.5172,1.7759,1.5172,0.2273,0.3448,1,0.2586,0.1897,0.125,1.4483,0.9545
ELA0388_7.txt,7,15.2188,15.2188,9.549,1.5938,1.9219,1.5938,0.2941,0.4688,1,0.3125,0.4219,0.2647,2.0938,1.3137
ELA0389_9.txt,9,17.125,17.125,10.5385,1.625,2,1.625,0.3077,0.5,1,0.3594,0.5469,0.3365,2.4062,1.4808
ELA0390_12.txt,12,20.129,19.8095,11.4495,1.7581,2.254,1.7302,0.3303,0.5714,1.0161,0.4286,0.6667,0.3853,2.6508,1.5321
ELA0391_3.txt,3,8.3509,8.3509,7.4375,1.1228,1.2281,1.1228,0.0938,0.1053,1,0.0702,0.1053,0.0938,0.7193,0.6406
ELA0392_5.txt,5,12.6981,11.807,8.4125,1.5094,1.6667,1.4035,0.2375,0.3333,1.0755,0.3158,0.2105,0.15,1.0702,0.7625
ELA0393_7.txt,7,15.561,13.8696,8.8611,1.7561,1.913,1.5652,0.2917,0.4565,1.122,0.4348,0.2391,0.1528,1.2174,0.7778
ELA0394_9.txt,9,17.3429,15.9737,9.6349,1.8,2.1579,1.6579,0.3016,0.5,1.0857,0.4474,0.2895,0.1746,1.5263,0.9206
ELA0395_12.txt,12,19.6207,16.2571,9.4833,2.069,2.1714,1.7143,0.3167,0.5429,1.2069,0.4571,0.2857,0.1667,1.5714,0.9167
ELA0396_3.txt,3,8.7963,8.7963,6.6901,1.3148,1.5,1.3148,0.2254,0.2963,1,0.2407,0.0556,0.0423,0.7222,0.5493
ELA0397_5.txt,5,11.3636,10.8696,8.0645,1.4091,1.6232,1.3478,0.2258,0.3043,1.0455,0.2609,0.1594,0.1183,0.9855,0.7312
ELA0398_7.txt,7,14.0794,13.6462,9.6413,1.4603,1.6923,1.4154,0.25,0.3538,1.0317,0.3077,0.2462,0.1739,1.6,1.1304
ELA0399_9.txt,9,17.7091,15.4603,10.4731,1.6909,1.8095,1.4762,0.2903,0.4286,1.1455,0.3651,0.3016,0.2043,1.8889,1.2796
ELA0400_12.txt,12,23.375,19.8936,11.6875,2,2.1702,1.7021,0.3375,0.5745,1.175,0.4255,0.4255,0.25,2.4681,1.45
ELA0401_3.txt,3,8.537,8.6981,6.9848,1.2222,1.3396,1.2453,0.1515,0.1887,0.9815,0.1509,0.1509,0.1212,0.9623,0.7727
ELA0402_5.txt,5,11.6452,11.2812,8.2989,1.4032,1.7188,1.3594,0.2299,0.3125,1.0323,0.2656,0.1875,0.1379,1.25,0.9195
ELA0403_7.txt,7,15.7931,15.0164,9.4433,1.6724,1.9836,1.5902,0.3196,0.5082,1.0517,0.4426,0.3279,0.2062,1.7705,1.1134
ELA0404_9.txt,9,18.537,17.5614,10.4271,1.7778,2.2105,1.6842,0.3438,0.5789,1.0556,0.4561,0.4035,0.2396,2.1404,1.2708
ELA0405_12.txt,12,26.2609,22.3704,11.0826,2.3696,2.7778,2.0185,0.4312,0.8704,1.1739,0.6296,0.5741,0.2844,2.8704,1.422
ELA0406_3.txt,3,8.431,8.2881,8.15,1.0345,1.2542,1.0169,0.0667,0.0678,1.0172,0.0678,0.0678,0.0667,0.9492,0.9333
ELA0407_5.txt,5,11.5082,11.7,9.36,1.2295,1.6667,1.25,0.1867,0.2333,0.9836,0.2,0.1333,0.1067,1.3833,1.1067
ELA0408_7.txt,7,13.6418,13.4412,9.9348,1.3731,1.7941,1.3529,0.1957,0.2647,1.0149,0.2206,0.1912,0.1413,1.6029,1.1848
ELA0409_9.txt,9,17.1833,15.6212,9.7264,1.7667,2.0455,1.6061,0.3019,0.4848,1.1,0.3636,0.2273,0.1415,1.9394,1.2075
ELA0410_12.txt,12,21.7778,19.9322,9.8,2.2222,2.678,2.0339,0.3667,0.7458,1.0926,0.5254,0.339,0.1667,2.3051,1.1333
ELA0411_3.txt,3,8.3673,8.3673,6.9492,1.2041,1.5306,1.2041,0.1356,0.1633,1,0.1633,0.102,0.0847,0.8367,0.6949
ELA0412_5.txt,5,11.4462,11.2727,8,1.4308,1.7576,1.4091,0.2688,0.3788,1.0154,0.3333,0.1818,0.129,1.2727,0.9032
ELA0413_7.txt,7,14.1186,14.3621,8.7684,1.6102,2.0345,1.6379,0.3158,0.5172,0.9831,0.431,0.2759,0.1684,1.9138,1.1684
ELA0414_9.txt,9,17.5517,16.6885,9.0893,1.931,2.3607,1.8361,0.3839,0.7049,1.0517,0.4754,0.3115,0.1696,2.1639,1.1786
ELA0415_12.txt,12,18.7763,17.8375,9.1474,2.0526,2.5875,1.95,0.3782,0.7375,1.0526,0.5375,0.3875,0.1987,2.3125,1.1859
ELA0416_3.txt,3,8.7826,9.1818,7.0877,1.2391,1.5,1.2955,0.1754,0.2273,0.9565,0.1818,0.0909,0.0702,0.9773,0.7544
ELA0417_5.txt,5,12.46,11.9808,9.1618,1.36,1.6154,1.3077,0.1471,0.1923,1.04,0.1731,0.2308,0.1765,1.6346,1.25
ELA0418_7.txt,7,15.6154,15.225,10.6842,1.4615,1.75,1.425,0.2105,0.3,1.0256,0.25,0.275,0.193,2.225,1.5614
ELA0419_9.txt,9,18.2857,18.2857,11.6364,1.5714,1.9714,1.5714,0.2545,0.4,1,0.3429,0.4857,0.3091,2.6,1.6545
ELA0420_12.txt,12,21.2917,21.2917,12.1667,1.75,2.2083,1.75,0.2857,0.5,1,0.375,0.4583,0.2619,3.2083,1.8333
ELA0421_3.txt,3,8.6818,8.8837,6.8214,1.2727,1.5116,1.3023,0.1964,0.2558,0.9773,0.2093,0.1163,0.0893,0.9302,0.7143
ELA0422_5.txt,5,12.0185,11.386,7.7262,1.5556,1.8772,1.4737,0.2738,0.4035,1.0556,0.2982,0.3158,0.2143,1.2281,0.8333
ELA0423_7.txt,7,15.68,13.5172,8.2526,1.9,2.1379,1.6379,0.3158,0.5172,1.16,0.3966,0.3276,0.2,1.5,0.9158
ELA0424_9.txt,9,19.8182,16.7692,9.1789,2.1591,2.4231,1.8269,0.3684,0.6731,1.1818,0.5,0.4231,0.2316,2.0192,1.1053
ELA0425_12.txt,12,25.1714,19.1522,9.4731,2.6571,2.6957,2.0217,0.4194,0.8478,1.3143,0.6304,0.4565,0.2258,2.2826,1.129
ELA0426_3.txt,3,9.0426,9.2391,6.5385,1.383,1.8478,1.413,0.2,0.2826,0.9787,0.2391,0.0652,0.0462,1,0.7077
ELA0427_5.txt,5,11.5333,11.1613,7.6889,1.5,1.9355,1.4516,0.2444,0.3548,1.0333,0.3065,0.2097,0.1444,1.5323,1.0556
ELA0428_7.txt,7,14.0938,13.4627,8.8431,1.5938,2.0896,1.5224,0.2843,0.4328,1.0469,0.3284,0.2388,0.1569,1.8806,1.2353
ELA0429_9.txt,9,17.0339,15.9524,9.3056,1.8305,2.3968,1.7143,0.3704,0.6349,1.0678,0.4921,0.2698,0.1574,2.2063,1.287
ELA0430_12.txt,12,19.1786,18.2034,9.9444,1.9286,2.5254,1.8305,0.4074,0.7458,1.0536,0.5593,0.3898,0.213,2.4915,1.3611
ELA0431_3.txt,3,8.5455,8.5455,6.9118,1.2364,1.4909,1.2364,0.1471,0.1818,1,0.1636,0.0727,0.0588,0.8,0.6471
ELA0432_5.txt,5,11.9184,11.68,8.4638,1.4082,1.62,1.38,0.2029,0.28,1.0204,0.26,0.14,0.1014,1.34,0.971
ELA0433_7.txt,7,13.9773,14.3023,11.1818,1.25,1.5349,1.2791,0.1636,0.2093,0.9773,0.186,0.3023,0.2364,1.907,1.4909
ELA0434_9.txt,9,16.3889,16.8571,12.2917,1.3333,1.8286,1.3714,0.2083,0.2857,0.9722,0.2571,0.3714,0.2708,2.2857,1.6667
ELA0435_12.txt,12,26.1,23.7273,14.5,1.8,2.2727,1.6364,0.3056,0.5,1.1,0.4091,0.4545,0.2778,3.3182,2.0278
ELA0436_3.txt,3,8.7619,8.7619,7.8298,1.119,1.4286,1.119,0.0851,0.0952,1,0.0952,0.0952,0.0851,0.6905,0.617
ELA0437_5.txt,5,11.6724,11.6724,9.0267,1.2931,1.5172,1.2931,0.24,0.3103,1,0.2931,0.2069,0.16,1.5862,1.2267
ELA0438_7.txt,7,14.5667,14.3279,9.5,1.5333,1.7705,1.5082,0.2935,0.4426,1.0167,0.3607,0.3443,0.2283,1.9508,1.2935
ELA0439_9.txt,9,17.2759,16.1613,11.011,1.569,1.7903,1.4677,0.2967,0.4355,1.069,0.371,0.4032,0.2747,2.2097,1.5055
ELA0440_12.txt,12,22.6721,20.0435,11.9224,1.9016,2.2319,1.6812,0.3362,0.5652,1.1311,0.4928,0.4348,0.2586,2.7536,1.6379
ELA0441_3.txt,3,7.9091,7.9091,7.1311,1.1091,1.2182,1.1091,0.1148,0.1273,1,0.1273,0.1455,0.1311,0.8182,0.7377
ELA0442_5.txt,5,10.4286,11.0606,8.1111,1.2857,1.5303,1.3636,0.2,0.2727,0.9429,0.2576,0.2576,0.1889,1.2273,0.9
ELA0443_7.txt,7,13.4783,13.8806,9.3,1.4493,1.7761,1.4925,0.27,0.403,0.971,0.2985,0.3582,0.24,1.597,1.07
ELA0444_9.txt,9,16.2698,16.0156,10.049,1.619,2,1.5938,0.3039,0.4844,1.0159,0.3594,0.5,0.3137,1.9062,1.1961
ELA0445_12.txt,12,25.1053,21.2,11.7778,2.1316,2.5556,1.8,0.3457,0.6222,1.1842,0.4667,0.6667,0.3704,2.5778,1.4321
ELA0446_3.txt,3,8.5246,8.5246,6.6667,1.2787,1.4918,1.2787,0.1923,0.2459,1,0.2295,0.1639,0.1282,0.7705,0.6026
ELA0447_5.txt,5,11.5,11.6825,7.2157,1.5938,1.9206,1.619,0.3529,0.5714,0.9844,0.4762,0.2381,0.1471,1.4921,0.9216
ELA0448_7.txt,7,14.8393,14.3276,7.9904,1.8571,2.2759,1.7931,0.4135,0.7414,1.0357,0.569,0.3103,0.1731,1.9828,1.1058
ELA0449_9.txt,9,18.381,17.1556,9.65,1.9048,2.4667,1.7778,0.3875,0.6889,1.0714,0.4667,0.4222,0.2375,2.1111,1.1875
ELA0450_12.txt,12,21.5294,20.3333,10.0274,2.1471,2.75,2.0278,0.4384,0.8889,1.0588,0.5278,0.6111,0.3014,2.6667,1.3151
ELA0451_3.txt,3,8.7568,8.7568,7.2,1.2162,1.5405,1.2162,0.2222,0.2703,1,0.2162,0.1081,0.0889,0.7568,0.6222
ELA0452_5.txt,5,12.1296,11.4912,8.3974,1.4444,1.7895,1.3684,0.2308,0.3158,1.0556,0.2456,0.2105,0.1538,1.0526,0.7692
ELA0453_7.txt,7,14.0862,13.3934,8.978,1.569,2.0328,1.4918,0.2857,0.4262,1.0517,0.2951,0.1967,0.1319,1.4262,0.956
ELA0454_9.txt,9,17.6981,15.6333,9.5714,1.8491,2.2833,1.6333,0.3367,0.55,1.1321,0.4,0.3,0.1837,1.7333,1.0612
ELA0455_12.txt,12,20.8065,18.6957,10.32,2.0161,2.3333,1.8116,0.36,0.6522,1.1129,0.4928,0.3333,0.184,2.2174,1.224
ELA0456_3.txt,3,7.8519,8,6.7302,1.1667,1.3208,1.1887,0.1587,0.1887,0.9815,0.1698,0.1509,0.127,0.8868,0.746
ELA0457_5.txt,5,11.2759,11.2759,7.7857,1.4483,1.6897,1.4483,0.2738,0.3966,1,0.3276,0.2759,0.1905,1.3793,0.9524
ELA0458_7.txt,7,14.08,14.3673,9.5135,1.48,1.8367,1.5102,0.2973,0.449,0.98,0.3469,0.3061,0.2027,1.898,1.2568
ELA0459_9.txt,9,18,17.55,10.9688,1.641,2.075,1.6,0.3438,0.55,1.0256,0.425,0.4,0.25,2.4,1.5
ELA0460_12.txt,12,24.28,22.4815,11.6731,2.08,2.6667,1.9259,0.4423,0.8519,1.08,0.5185,0.4444,0.2308,3.2963,1.7115
ELA0461_3.txt,3,8.6757,8.6757,7.2955,1.1892,1.4324,1.1892,0.1364,0.1622,1,0.1622,0,0,0.7568,0.6364
ELA0462_5.txt,5,12.2745,12.52,9.3433,1.3137,1.7,1.34,0.194,0.26,0.9804,0.24,0.06,0.0448,1.4,1.0448
ELA0463_7.txt,7,14.2955,14.2955,10.1452,1.4091,1.7955,1.4091,0.2742,0.3864,1,0.3636,0.0909,0.0645,1.5455,1.0968
ELA0464_9.txt,9,17.1842,17.1842,11.2586,1.5263,1.8947,1.5263,0.3103,0.4737,1,0.4211,0.1316,0.0862,1.8684,1.2241
ELA0465_12.txt,12,26.8696,22.8889,12.6122,2.1304,2.2963,1.8148,0.3673,0.6667,1.1739,0.5926,0.1852,0.102,2.7037,1.4898
ELA0466_3.txt,3,8.5918,8.9574,7.2586,1.1837,1.383,1.234,0.1552,0.1915,0.9592,0.1702,0.1915,0.1552,0.8298,0.6724
ELA0467_5.txt,5,12,12.2667,8.625,1.3913,1.7111,1.4222,0.2812,0.4,0.9783,0.3778,0.2667,0.1875,1.3556,0.9531
ELA0468_7.txt,7,14.8649,14.8649,9.322,1.5946,2,1.5946,0.339,0.5405,1,0.4595,0.4054,0.2542,1.5946,1
ELA0469_9.txt,9,17.9375,17.3939,10.0702,1.7812,2.1212,1.7273,0.3509,0.6061,1.0312,0.5152,0.3939,0.2281,2.0606,1.193
ELA0470_12.txt,12,22.64,20.963,11.7917,1.92,2.2963,1.7778,0.3542,0.6296,1.08,0.5556,0.5185,0.2917,2.4444,1.375
ELA0471_3.txt,3,8.3455,8.3455,6.2877,1.3273,1.6364,1.3273,0.1507,0.2,1,0.2,0.1636,0.1233,0.7273,0.5479
ELA0472_5.txt,5,11.4848,11.4848,7.6566,1.5,1.9848,1.5,0.2121,0.3182,1,0.2727,0.2727,0.1818,1.4394,0.9596
ELA0473_7.txt,7,14.7959,15.4255,9.5395,1.551,2.2128,1.617,0.2763,0.4468,0.9592,0.4255,0.4894,0.3026,2.0851,1.2895
ELA0474_9.txt,9,17.2683,17.2683,10.5672,1.6341,2.2683,1.6341,0.3134,0.5122,1,0.3659,0.561,0.3433,2.4146,1.4776
ELA0475_12.txt,12,26.875,23.0357,12.6471,2.125,2.8929,1.8214,0.3333,0.6071,1.1667,0.3929,0.8214,0.451,3.3929,1.8627
ELA0476_3.txt,3,8.4203,8.5441,7,1.2029,1.3824,1.2206,0.1928,0.2353,0.9855,0.2353,0.1176,0.0964,0.9706,0.7952
ELA0477_5.txt,5,11.3803,11.3803,7.7692,1.4648,1.831,1.4648,0.3365,0.493,1,0.4085,0.1831,0.125,1.2676,0.8654
ELA0478_7.txt,7,14.2429,14.0423,8.823,1.6143,1.8873,1.5915,0.3717,0.5915,1.0143,0.4366,0.2958,0.1858,1.8592,1.1681
ELA0479_9.txt,9,18.0702,16.0938,8.7288,2.0702,2.2812,1.8438,0.4407,0.8125,1.1228,0.5156,0.3281,0.178,2.0312,1.1017
ELA0480_12.txt,12,22.8088,20.4079,9.2321,2.4706,2.7105,2.2105,0.4405,0.9737,1.1176,0.6316,0.6447,0.2917,2.5526,1.1548
ELA0481_3.txt,3,7.9403,8.4444,7.7664,1.0224,1.3016,1.0873,0.1022,0.1111,0.9403,0.1032,0.0317,0.0292,0.8254,0.7591
ELA0482_5.txt,5,11.3252,10.8828,9.1046,1.2439,1.5,1.1953,0.2092,0.25,1.0407,0.2031,0.1797,0.1503,1.2266,1.0261
ELA0483_7.txt,7,14.2333,14.2333,10.879,1.3083,1.625,1.3083,0.242,0.3167,1,0.2583,0.325,0.2484,1.7083,1.3057
ELA0484_9.txt,9,16.95,16.6721,12.1071,1.4,1.8115,1.377,0.2619,0.3607,1.0167,0.2951,0.459,0.3333,2.123,1.5417
ELA0485_12.txt,12,20.9549,19.4895,13.6618,1.5338,1.965,1.4266,0.2843,0.4056,1.0752,0.3566,0.5804,0.4069,2.6923,1.8873
ELA0486_3.txt,3,9.2553,9.2553,5.7237,1.617,1.8298,1.617,0.2632,0.4255,1,0.3617,0.1064,0.0658,0.9787,0.6053
ELA0487_5.txt,5,11.9434,11.5091,6.956,1.717,1.9818,1.6545,0.2527,0.4182,1.0377,0.3091,0.2182,0.1319,1.4182,0.8571
ELA0488_7.txt,7,15.1186,13.7231,7.8938,1.9153,2.1231,1.7385,0.3097,0.5385,1.1017,0.4,0.2923,0.1681,1.6769,0.9646
ELA0489_9.txt,9,19.2264,16.9833,8.6356,2.2264,2.5,1.9667,0.3729,0.7333,1.1321,0.55,0.3833,0.1949,2.0333,1.0339
ELA0490_12.txt,12,25.0714,20.25,9.3186,2.6905,2.7308,2.1731,0.4248,0.9231,1.2381,0.5577,0.5192,0.2389,2.5769,1.1858
ELA0491_3.txt,3,8.675,9.1316,7.8864,1.1,1.2895,1.1579,0.1136,0.1316,0.95,0.1316,0.1579,0.1364,0.8947,0.7727
ELA0492_5.txt,5,12.1228,11.9138,8.7468,1.386,1.8448,1.3621,0.2658,0.3621,1.0175,0.3276,0.1552,0.1139,1.1897,0.8734
ELA0493_7.txt,7,14.9,14.4194,10.1591,1.4667,2.0161,1.4194,0.2955,0.4194,1.0333,0.3387,0.2419,0.1705,1.5323,1.0795
ELA0494_9.txt,9,18,18.3273,11.3258,1.5893,2.4364,1.6182,0.3596,0.5818,0.9821,0.4364,0.3818,0.236,2.0727,1.2809
ELA0495_12.txt,12,24.0308,21.1081,11.078,2.1692,2.7703,1.9054,0.4255,0.8108,1.1385,0.6081,0.4324,0.227,2.5405,1.3333
ELA0496_3.txt,3,9.234,9.0417,6.7812,1.3617,1.7083,1.3333,0.2656,0.3542,1.0213,0.2917,0.0208,0.0156,0.9375,0.7031
ELA0497_5.txt,5,12.3929,12.3929,7.2292,1.7143,2.2857,1.7143,0.3854,0.6607,1,0.4821,0.1607,0.0938,1.5714,0.9167
ELA0498_7.txt,7,15.7797,15.2623,8.4636,1.8644,2.459,1.8033,0.4182,0.7541,1.0339,0.5574,0.2623,0.1455,2.0164,1.1182
ELA0499_9.txt,9,17.8103,16.1406,8.7542,2.0345,2.5625,1.8438,0.4322,0.7969,1.1034,0.5469,0.2812,0.1525,2.2031,1.1949
ELA0500_12.txt,12,23.7368,22.55,10.0222,2.3684,3.175,2.25,0.5,1.125,1.0526,0.7,0.375,0.1667,3,1.3333
ELA0501_3.txt,3,8.5556,8.717,8.1053,1.0556,1.1698,1.0755,0.0702,0.0755,0.9815,0.0755,0.0943,0.0877,1,0.9298
ELA0502_5.txt,5,10.9385,10.9385,9,1.2154,1.4615,1.2154,0.1772,0.2154,1,0.2,0.1538,0.1266,1.3846,1.1392
ELA0503_7.txt,7,14.1,13.8235,10.8462,1.3,1.6471,1.2745,0.2308,0.2941,1.02,0.2549,0.2941,0.2308,1.9608,1.5385
ELA0504_9.txt,9,17.325,17.7692,12.1579,1.425,1.8205,1.4615,0.3333,0.4872,0.975,0.4103,0.4359,0.2982,2.4872,1.7018
ELA0505_12.txt,12,23.0417,21.2692,13.825,1.6667,2.0385,1.5385,0.3,0.4615,1.0833,0.3846,0.4231,0.275,3.1154,2.025
ELA0506_3.txt,3,9.2826,9.4889,6.5692,1.413,1.9333,1.4444,0.2462,0.3556,0.9783,0.2444,0.1778,0.1231,0.9556,0.6615
ELA0507_5.txt,5,12.4082,12.16,6.9885,1.7755,2.28,1.74,0.3218,0.56,1.0204,0.38,0.34,0.1954,1.18,0.6782
ELA0508_7.txt,7,15.0488,14.6905,7.8101,1.9268,2.5,1.881,0.3544,0.6667,1.0244,0.4762,0.5238,0.2785,1.5714,0.8354
ELA0509_9.txt,9,17.2286,15.8684,8.04,2.1429,2.6579,1.9737,0.36,0.7105,1.0857,0.5,0.5263,0.2667,1.6579,0.84
ELA0510_12.txt,12,19.5667,17.7879,8.5072,2.3,2.9394,2.0909,0.4058,0.8485,1.1,0.5758,0.6061,0.2899,1.8788,0.8986
ELA0511_3.txt,3,9.1064,9.3043,8.0755,1.1277,1.4783,1.1522,0.1132,0.1304,0.9787,0.1087,0.1522,0.1321,0.9783,0.8491
ELA0512_5.txt,5,11.6735,11.44,8.4118,1.3878,1.72,1.36,0.2794,0.38,1.0204,0.28,0.28,0.2059,1.18,0.8676
ELA0513_7.txt,7,14.3421,13.2927,8.9344,1.6053,1.9756,1.4878,0.2951,0.439,1.0789,0.3415,0.3415,0.2295,1.4146,0.9508
ELA0514_9.txt,9,17.8966,16.2188,9.4364,1.8966,2.25,1.7188,0.3818,0.6562,1.1034,0.4062,0.4375,0.2545,1.9375,1.1273
ELA0515_12.txt,12,29,20.1739,11.0476,2.625,2.4783,1.8261,0.4048,0.7391,1.4375,0.4348,0.6087,0.3333,2.3913,1.3095
ELA0516_3.txt,3,8.8596,9.0179,7.2143,1.2281,1.625,1.25,0.1857,0.2321,0.9825,0.1786,0.0893,0.0714,1,0.8
ELA0517_5.txt,5,11.5,11.5,8.9885,1.2794,1.8382,1.2794,0.2529,0.3235,1,0.2647,0.1471,0.1149,1.3529,1.0575
ELA0518_7.txt,7,14.1212,13.9104,9.9149,1.4242,1.8507,1.403,0.2979,0.4179,1.0152,0.3433,0.1791,0.1277,1.806,1.2872
ELA0519_9.txt,9,16.6491,16.0847,10.6629,1.5614,2.0678,1.5085,0.3258,0.4915,1.0351,0.3898,0.2373,0.1573,2.1186,1.4045
ELA0520_12.txt,12,18.08,17.3846,11.1605,1.62,2.2115,1.5577,0.358,0.5577,1.04,0.4423,0.2692,0.1728,2.3654,1.5185
ELA0521_3.txt,3,9.2167,9.3729,6.7439,1.3667,1.5763,1.3898,0.2073,0.2881,0.9833,0.2203,0.0847,0.061,1.0169,0.7317
ELA0522_5.txt,5,12.8226,13.0328,9.2442,1.3871,1.7541,1.4098,0.2209,0.3115,0.9839,0.2131,0.1148,0.0814,1.623,1.1512
ELA0523_7.txt,7,15.2154,15.4531,9.5096,1.6,1.9688,1.625,0.2981,0.4844,0.9846,0.375,0.3125,0.1923,1.9844,1.2212
ELA0524_9.txt,9,19.0741,19.434,11.1957,1.7037,2.2264,1.7358,0.3261,0.566,0.9815,0.3774,0.434,0.25,2.6981,1.5543
ELA0525_12.txt,12,24.5116,25.0952,11.8427,2.0698,2.7619,2.119,0.4045,0.8571,0.9767,0.5238,0.5952,0.2809,3.4762,1.6404
ELA0526_3.txt,3,7.8852,8.0167,6.8714,1.1475,1.4167,1.1667,0.1143,0.1333,0.9836,0.1167,0.15,0.1286,0.7167,0.6143
ELA0527_5.txt,5,9.9718,10.4118,8.1379,1.2254,1.5294,1.2794,0.1609,0.2059,0.9577,0.1912,0.2206,0.1724,1.0735,0.8391
ELA0528_7.txt,7,13.4627,13.6667,9.02,1.4925,1.9848,1.5152,0.27,0.4091,0.9851,0.3333,0.2727,0.18,1.4394,0.95
ELA0529_9.txt,9,16.807,16.5172,9.58,1.7544,2.2414,1.7241,0.34,0.5862,1.0175,0.4138,0.3276,0.19,1.7586,1.02
ELA0530_12.txt,12,21.093,19.2979,9.7527,2.1628,2.5532,1.9787,0.3978,0.7872,1.093,0.5106,0.3617,0.1828,2.1277,1.0753
ELA0531_3.txt,3,9.4286,9.4286,5.7391,1.6429,1.7619,1.6429,0.3913,0.6429,1,0.5,0.2619,0.1594,0.9048,0.5507
ELA0532_5.txt,5,12.3462,12.5882,7.7349,1.5962,1.8039,1.6275,0.4217,0.6863,0.9808,0.4902,0.3529,0.2169,1.2941,0.7952
ELA0533_7.txt,7,14,14,8.1982,1.7077,1.9846,1.7077,0.4144,0.7077,1,0.4462,0.2154,0.1261,1.9385,1.1351
ELA0534_9.txt,9,17.8571,17.8571,9.3458,1.9107,2.3929,1.9107,0.4579,0.875,1,0.5179,0.3036,0.1589,2.4464,1.2804
ELA0535_12.txt,12,23.5849,24.0385,10.0806,2.3396,3.1923,2.3846,0.5323,1.2692,0.9811,0.6538,0.3269,0.1371,3.6154,1.5161
ELA0536_3.txt,3,8.6531,8.6531,6.7302,1.2857,1.6939,1.2857,0.1905,0.2449,1,0.2449,0.0816,0.0635,0.6122,0.4762
ELA0537_5.txt,5,11.6308,11.6308,7.875,1.4769,1.8923,1.4769,0.2604,0.3846,1,0.3692,0.1077,0.0729,1.2,0.8125
ELA0538_7.txt,7,14.8636,14.0143,8.8378,1.6818,2.0857,1.5857,0.3243,0.5143,1.0606,0.4286,0.1857,0.1171,1.4429,0.9099
ELA0539_9.txt,9,17.9298,16.7541,9.3761,1.9123,2.5082,1.7869,0.367,0.6557,1.0702,0.4918,0.2787,0.156,1.8361,1.0275
ELA0540_12.txt,12,22.0385,19.7586,9.7119,2.2692,2.8966,2.0345,0.4237,0.8621,1.1154,0.569,0.3103,0.1525,2.2414,1.1017
ELA0541_3.txt,3,8.22,8.3878,7.4727,1.1,1.3265,1.1224,0.1273,0.1429,0.98,0.1429,0.0612,0.0545,0.5306,0.4727
ELA0542_5.txt,5,11.4545,10.9565,8.5424,1.3409,1.4565,1.2826,0.2203,0.2826,1.0455,0.2391,0.1522,0.1186,1.1087,0.8644
ELA0543_7.txt,7,14.1842,13.8205,9.9815,1.4211,1.7179,1.3846,0.2778,0.3846,1.0263,0.3846,0.2051,0.1481,1.4872,1.0741
ELA0544_9.txt,9,17.8065,17.25,11.2653,1.5806,1.9375,1.5312,0.2857,0.4375,1.0323,0.4375,0.3438,0.2245,2.0625,1.3469
ELA0545_12.txt,12,21.04,19.4815,11.4348,1.84,2.2222,1.7037,0.3696,0.6296,1.08,0.6296,0.3704,0.2174,2.3704,1.3913
ELA0546_3.txt,3,9.3043,9.3043,6.0282,1.5435,1.7174,1.5435,0.2535,0.3913,1,0.3261,0.0652,0.0423,0.913,0.5915
ELA0547_5.txt,5,12.6923,12.2222,7.6744,1.6538,1.8519,1.5926,0.3488,0.5556,1.0385,0.4259,0.2407,0.1512,1.5556,0.9767
ELA0548_7.txt,7,16.3137,13.6393,7.8491,2.0784,1.9836,1.7377,0.3679,0.6393,1.1961,0.5082,0.2459,0.1415,1.8689,1.0755
ELA0549_9.txt,9,19.3111,15.2456,8.1981,2.3556,2.1053,1.8596,0.4245,0.7895,1.2667,0.5965,0.2807,0.1509,2.2456,1.2075
ELA0550_12.txt,12,26.4848,20.3256,8.9184,2.9697,2.6977,2.2791,0.4796,1.093,1.303,0.6744,0.3721,0.1633,3.0698,1.3469
ELA0551_3.txt,3,8.9216,8.9216,6.4085,1.3922,1.5686,1.3922,0.2254,0.3137,1,0.2941,0.0784,0.0563,1.0392,0.7465
ELA0552_5.txt,5,11.4615,11.1194,7.9255,1.4462,1.6119,1.403,0.2553,0.3582,1.0308,0.3284,0.1194,0.0851,1.4328,1.0213
ELA0553_7.txt,7,14.9032,14.9032,9.24,1.6129,1.9032,1.6129,0.33,0.5323,1,0.371,0.1613,0.1,1.9839,1.23
ELA0554_9.txt,9,17.0545,16.1724,9.6701,1.7636,1.9828,1.6724,0.3402,0.569,1.0545,0.3966,0.1724,0.1031,2.1552,1.2887
ELA0555_12.txt,12,22.0714,21.0682,11.1687,1.9762,2.3182,1.8864,0.3735,0.7045,1.0476,0.4545,0.25,0.1325,3.0455,1.6145
ELA0556_3.txt,3,7.942,8.0588,6.5238,1.2174,1.3824,1.2353,0.1905,0.2353,0.9855,0.1618,0.0441,0.0357,0.8235,0.6667
ELA0557_5.txt,5,12.2545,12.0357,9.3611,1.3091,1.5,1.2857,0.2222,0.2857,1.0182,0.1964,0.2143,0.1667,1.4286,1.1111
ELA0558_7.txt,7,14.25,13.9592,9.7714,1.4583,1.7347,1.4286,0.2857,0.4082,1.0208,0.2857,0.2449,0.1714,1.7755,1.2429
ELA0559_9.txt,9,18.0278,18.5429,10.6393,1.6944,1.8857,1.7429,0.3934,0.6857,0.9722,0.4,0.4571,0.2623,2.5143,1.4426
ELA0560_12.txt,12,22.3333,21.44,12.7619,1.75,1.96,1.68,0.381,0.64,1.0417,0.52,0.68,0.4048,2.84,1.6905
ELA0561_3.txt,3,8.6875,8.6875,6.4154,1.3542,1.7083,1.3542,0.2308,0.3125,1,0.25,0.1042,0.0769,0.7083,0.5231
ELA0562_5.txt,5,12.4259,12.2,7.2935,1.7037,2.2545,1.6727,0.337,0.5636,1.0185,0.4545,0.1273,0.0761,1.2545,0.75
ELA0563_7.txt,7,15.614,15.0847,8.3178,1.8772,2.4068,1.8136,0.3925,0.7119,1.0351,0.5254,0.339,0.1869,1.7119,0.9439
ELA0564_9.txt,9,18.4717,16.8793,8.7411,2.1132,2.5862,1.931,0.4286,0.8276,1.0943,0.5862,0.3793,0.1964,1.931,1
ELA0565_12.txt,12,23.0455,20.28,9.566,2.4091,2.84,2.12,0.4717,1,1.1364,0.68,0.42,0.1981,2.64,1.2453
ELA0566_3.txt,3,8.1833,8.1833,6.4605,1.2667,1.4,1.2667,0.1974,0.25,1,0.2167,0.2,0.1579,0.7167,0.5658
ELA0567_5.txt,5,11.2833,10.746,7.8721,1.4333,1.6825,1.3651,0.2326,0.3175,1.05,0.2857,0.3492,0.2558,0.9048,0.6628
ELA0568_7.txt,7,14.8197,13.4925,8.4486,1.7541,1.9403,1.597,0.3458,0.5522,1.0984,0.5224,0.4179,0.2617,1.2388,0.7757
ELA0569_9.txt,9,17.5862,15.9375,9.4444,1.8621,2.1406,1.6875,0.3519,0.5938,1.1034,0.5156,0.6094,0.3611,1.6094,0.9537
ELA0570_12.txt,12,19.3291,17.5517,9.7885,1.9747,2.1724,1.7931,0.3654,0.6552,1.1013,0.5172,0.5517,0.3077,2.1034,1.1731
ELA0571_3.txt,3,8.2642,8.5882,6.7385,1.2264,1.549,1.2745,0.1231,0.1569,0.9623,0.1373,0.1176,0.0923,0.7451,0.5846
ELA0572_5.txt,5,11.3833,11.5763,8.3293,1.3667,1.8475,1.3898,0.1463,0.2034,0.9833,0.1695,0.2373,0.1707,1,0.7195
ELA0573_7.txt,7,14.5738,14.5738,9.3579,1.5574,2.0164,1.5574,0.2105,0.3279,1,0.2623,0.4918,0.3158,1.4918,0.9579
ELA0574_9.txt,9,17.8,17.1754,10.4149,1.7091,2.2281,1.6491,0.2447,0.4035,1.0364,0.3333,0.5965,0.3617,1.8246,1.1064
ELA0575_12.txt,12,21.1818,20.2609,10.9647,1.9318,2.4783,1.8478,0.2941,0.5435,1.0455,0.4348,0.6957,0.3765,2.1739,1.1765
ELA0576_3.txt,3,9.5111,9.5111,6.2941,1.5111,1.7111,1.5111,0.25,0.3778,1,0.3333,0.1556,0.1029,1.0667,0.7059
ELA0577_5.txt,5,11.8372,11.8372,7.2714,1.6279,1.8605,1.6279,0.2857,0.4651,1,0.3953,0.2093,0.1286,1.4419,0.8857
ELA0578_7.txt,7,15,15.4545,8.9474,1.6765,2.0606,1.7273,0.3509,0.6061,0.9706,0.4545,0.3333,0.193,2,1.1579
ELA0579_9.txt,9,17.7143,17.7143,9.3585,1.8929,2.1786,1.8929,0.3585,0.6786,1,0.5357,0.3929,0.2075,2.25,1.1887
ELA0580_12.txt,12,24.1053,24.1053,10.9048,2.2105,2.8421,2.2105,0.5,1.1053,1,0.7895,0.7368,0.3333,3,1.3571
ELA0581_3.txt,3,8.4872,9.4571,7.881,1.0769,1.3714,1.2,0.119,0.1429,0.8974,0.1429,0.1143,0.0952,0.9429,0.7857
ELA0582_5.txt,5,11.0635,10.8906,8.6049,1.2857,1.4844,1.2656,0.1728,0.2188,1.0159,0.2188,0.2188,0.1728,1.0625,0.8395
ELA0583_7.txt,7,15.4828,14.4839,10.2045,1.5172,1.7581,1.4194,0.2614,0.371,1.069,0.3387,0.3387,0.2386,1.6774,1.1818
ELA0584_9.txt,9,18.9811,17.6491,11.3034,1.6792,2,1.5614,0.3258,0.5088,1.0755,0.4561,0.4912,0.3146,2.1053,1.3483
ELA0585_12.txt,12,23.8889,20.9028,12.2358,1.9524,2.2778,1.7083,0.3496,0.5972,1.1429,0.5,0.5556,0.3252,2.4861,1.4553
ELA0586_3.txt,3,8.9298,9.0893,8.0794,1.1053,1.25,1.125,0.127,0.1429,0.9825,0.1071,0.125,0.1111,1.1429,1.0159
ELA0587_5.txt,5,12.2069,12.2069,9.6986,1.2586,1.6552,1.2586,0.2192,0.2759,1,0.2586,0.2414,0.1918,1.5345,1.2192
ELA0588_7.txt,7,14.0147,14.2239,10.3587,1.3529,1.7612,1.3731,0.2935,0.403,0.9853,0.3284,0.3731,0.2717,1.8955,1.3804
ELA0589_9.txt,9,17.1746,16.6462,11.2708,1.5238,1.9231,1.4769,0.2917,0.4308,1.0317,0.3692,0.4462,0.3021,2.1692,1.4688
ELA0590_12.txt,12,22.4507,21.2533,12.9593,1.7324,2.2,1.64,0.3415,0.56,1.0563,0.4533,0.6,0.3659,2.8133,1.7154
ELA0591_3.txt,3,8.5789,8.8909,6.6081,1.2982,1.5636,1.3455,0.1486,0.2,0.9649,0.1455,0.0727,0.0541,0.8364,0.6216
ELA0592_5.txt,5,11.8308,12.2063,7.5392,1.5692,2,1.619,0.2745,0.4444,0.9692,0.381,0.0952,0.0588,1.4444,0.8922
ELA0593_7.txt,7,14.3125,13.8788,8.3273,1.7188,2.0455,1.6667,0.3,0.5,1.0312,0.3788,0.197,0.1182,1.6818,1.0091
ELA0594_9.txt,9,17.4828,17.1864,9.1351,1.9138,2.3559,1.8814,0.3604,0.678,1.0172,0.4915,0.3051,0.1622,2.1695,1.1532
ELA0595_12.txt,12,21.1429,19.381,9.5765,2.2078,2.5833,2.0238,0.3765,0.7619,1.0909,0.5238,0.4524,0.2235,2.2262,1.1
ELA0596_3.txt,3,8.5577,8.7255,6.2676,1.3654,1.5686,1.3922,0.2676,0.3725,0.9808,0.2745,0.0784,0.0563,0.8824,0.6338
ELA0597_5.txt,5,11.5846,11.7656,8.0106,1.4462,1.7031,1.4688,0.234,0.3438,0.9846,0.2812,0.2344,0.1596,1.2812,0.8723
ELA0598_7.txt,7,14.6935,14.6935,9.2959,1.5806,1.8387,1.5806,0.2347,0.371,1,0.2903,0.2742,0.1735,1.7419,1.102
ELA0599_9.txt,9,17.3091,17.9623,10.2366,1.6909,2.1887,1.7547,0.2903,0.5094,0.9636,0.4151,0.3396,0.1935,2.1132,1.2043
ELA0600_12.txt,12,26.1176,24.6667,10.3256,2.5294,3.0556,2.3889,0.407,0.9722,1.0588,0.6389,0.4722,0.1977,3.0833,1.2907
ELA0601_3.txt,3,8.9219,9.3607,8.3971,1.0625,1.3279,1.1148,0.0588,0.0656,0.9531,0.0656,0.082,0.0735,1.1311,1.0147
ELA0602_5.txt,5,12.6271,12.6271,9.9333,1.2712,1.6102,1.2712,0.1867,0.2373,1,0.1695,0.1695,0.1333,1.678,1.32
ELA0603_7.txt,7,16.4333,14.9394,10.3789,1.5833,1.7576,1.4394,0.2842,0.4091,1.1,0.3939,0.197,0.1368,1.9848,1.3789
ELA0604_9.txt,9,18.9818,17.6949,10.44,1.8182,2.0678,1.6949,0.36,0.6102,1.0727,0.4407,0.2881,0.17,2.3729,1.4
ELA0605_12.txt,12,22.569,18.7,10.3071,2.1897,2.2714,1.8143,0.3858,0.7,1.2069,0.5857,0.3429,0.189,2.4571,1.3543
ELA0606_3.txt,3,9.6087,9.6087,7.4915,1.2826,1.4783,1.2826,0.2034,0.2609,1,0.2391,0.087,0.0678,1.1739,0.9153
ELA0607_5.txt,5,12.2273,12.2273,8.8197,1.3864,1.6818,1.3864,0.2459,0.3409,1,0.2727,0.2727,0.1967,1.3864,1
ELA0608_7.txt,7,15.1892,15.1892,10.2182,1.4865,1.7838,1.4865,0.3091,0.4595,1,0.3514,0.2432,0.1636,1.6486,1.1091
ELA0609_9.txt,9,17.6774,17.6774,10.7451,1.6452,1.9677,1.6452,0.3725,0.6129,1,0.4194,0.3548,0.2157,1.9677,1.1961
ELA0610_12.txt,12,19.0357,18.3793,10.8776,1.75,2.0345,1.6897,0.3878,0.6552,1.0357,0.4828,0.3448,0.2041,2.0345,1.2041
ELA0611_3.txt,3,8.2131,8.6379,6.9583,1.1803,1.3966,1.2414,0.125,0.1552,0.9508,0.1552,0.0862,0.0694,0.6552,0.5278
ELA0612_5.txt,5,11.9661,11.9661,8.6098,1.3898,1.661,1.3898,0.2317,0.322,1,0.2712,0.2203,0.1585,1.1356,0.8171
ELA0613_7.txt,7,15.2712,15.0167,9.1939,1.661,2.1,1.6333,0.3367,0.55,1.0169,0.4167,0.2833,0.1735,1.3333,0.8163
ELA0614_9.txt,9,18.0625,18.0625,9.7416,1.8542,2.4583,1.8542,0.382,0.7083,1,0.5,0.4167,0.2247,1.5417,0.8315
ELA0615_12.txt,12,22.4595,21.3077,9.8929,2.2703,2.8718,2.1538,0.4643,1,1.0541,0.641,0.4872,0.2262,1.8718,0.869
ELA0616_3.txt,3,9.4783,9.4783,8.0741,1.1739,1.6087,1.1739,0.1481,0.1739,1,0.1739,0.0217,0.0185,0.8043,0.6852
ELA0617_5.txt,5,12.5238,12.1385,9.1744,1.3651,1.7538,1.3231,0.1977,0.2615,1.0317,0.2615,0.1538,0.1163,1.4308,1.0814
ELA0618_7.txt,7,15.3871,14.2388,10.6,1.4516,1.8955,1.3433,0.2444,0.3284,1.0806,0.3134,0.194,0.1444,1.7612,1.3111
ELA0619_9.txt,9,18.9815,16.5323,11.0215,1.7222,2.1129,1.5,0.3011,0.4516,1.1481,0.4355,0.2581,0.172,2.0323,1.3548
ELA0620_12.txt,12,20.9773,17.0926,10.0326,2.0909,2.2593,1.7037,0.3261,0.5556,1.2273,0.5185,0.2963,0.1739,2.0556,1.2065
ELA0621_3.txt,3,7.6346,7.6346,6.8448,1.1154,1.3462,1.1154,0.1207,0.1346,1,0.1346,0.0962,0.0862,0.6154,0.5517
ELA0622_5.txt,5,10.9048,10.9048,9.16,1.1905,1.5714,1.1905,0.16,0.1905,1,0.1587,0.2857,0.24,1.2857,1.08
ELA0623_7.txt,7,14.2889,13.3958,11.4821,1.2444,1.6458,1.1667,0.2143,0.25,1.0667,0.1875,0.4167,0.3571,1.6875,1.4464
ELA0624_9.txt,9,17.2,15.4359,11.5769,1.4857,1.8718,1.3333,0.2885,0.3846,1.1143,0.3077,0.5128,0.3846,1.9231,1.4423
ELA0625_12.txt,12,16.7941,15.0263,10.7736,1.5588,1.8947,1.3947,0.3208,0.4474,1.1176,0.3421,0.5,0.3585,1.7895,1.283
ELA0626_3.txt,3,8.5738,8.7167,8.3016,1.0328,1.25,1.05,0.0635,0.0667,0.9836,0.0667,0.1333,0.127,0.8,0.7619
ELA0627_5.txt,5,11.6,11.7681,9.9024,1.1714,1.5072,1.1884,0.1098,0.1304,0.9857,0.1304,0.2464,0.2073,1.3333,1.122
ELA0628_7.txt,7,14.0727,14.0727,11.0571,1.2727,1.6545,1.2727,0.1714,0.2182,1,0.2182,0.3273,0.2571,1.5273,1.2
ELA0629_9.txt,9,16.7381,15.9773,12.3333,1.3571,1.7727,1.2955,0.1754,0.2273,1.0476,0.25,0.4091,0.3158,1.6364,1.2632
ELA0630_12.txt,12,26.9565,17.7143,14.4186,1.8696,1.7714,1.2286,0.093,0.1143,1.5217,0.1429,0.6,0.4884,1.4286,1.1628
ELA0631_3.txt,3,8.5062,8.7215,6.4393,1.321,1.4937,1.3544,0.2617,0.3544,0.9753,0.3165,0.0886,0.0654,0.9494,0.7009
ELA0632_5.txt,5,11.5556,11.3973,7.7757,1.4861,1.8356,1.4658,0.3364,0.4932,1.0139,0.3973,0.1781,0.1215,1.274,0.8692
ELA0633_7.txt,7,14.2727,14.4605,8.1407,1.7532,2.1053,1.7763,0.4296,0.7632,0.987,0.5263,0.2763,0.1556,1.9211,1.0815
ELA0634_9.txt,9,16.942,17.7121,8.9923,1.8841,2.4091,1.9697,0.4385,0.8636,0.9565,0.5152,0.3939,0.2,2.4091,1.2231
ELA0635_12.txt,12,22.64,22.64,9.9298,2.28,2.86,2.28,0.5175,1.18,1,0.58,0.58,0.2544,3.08,1.3509
ELA0636_3.txt,3,9.3913,9.3913,7.2,1.3043,1.6739,1.3043,0.1333,0.1739,1,0.1739,0.1087,0.0833,0.7609,0.5833
ELA0637_5.txt,5,11.7,12.1034,8.4578,1.3833,1.7241,1.431,0.2169,0.3103,0.9667,0.2759,0.1552,0.1084,1.2414,0.8675
ELA0638_7.txt,7,14.9508,14.7097,8.5234,1.7541,2.1613,1.7258,0.3178,0.5484,1.0164,0.4194,0.1452,0.0841,1.6935,0.9813
ELA0639_9.txt,9,17.76,17.0769,8.7921,2.02,2.5577,1.9423,0.3861,0.75,1.04,0.5,0.1923,0.099,2.0192,1.0396
ELA0640_12.txt,12,20.4634,19.0682,8.7396,2.3415,2.8636,2.1818,0.4062,0.8864,1.0732,0.6364,0.1818,0.0833,2.3182,1.0625
ELA0641_3.txt,3,9.3913,9.8182,7.2,1.3043,1.5909,1.3636,0.25,0.3409,0.9565,0.3182,0.1364,0.1,1.0227,0.75
ELA0642_5.txt,5,11.6452,11.6452,8.1124,1.4355,1.7903,1.4355,0.2921,0.4194,1,0.4355,0.2258,0.1573,1.2097,0.8427
ELA0643_7.txt,7,14.125,13.9077,8.6923,1.625,1.9692,1.6,0.3558,0.5692,1.0156,0.5231,0.3385,0.2115,1.4308,0.8942
ELA0644_9.txt,9,16.9815,15.5424,9.0792,1.8704,2.1186,1.7119,0.3861,0.661,1.0926,0.5085,0.4576,0.2673,1.661,0.9703
ELA0645_12.txt,12,22.4595,20.2683,10.1341,2.2162,2.5854,2,0.439,0.878,1.1081,0.6341,0.6341,0.3171,2.2195,1.1098
ELA0646_3.txt,3,8.6667,8.6667,6.597,1.3137,1.7647,1.3137,0.209,0.2745,1,0.2157,0.098,0.0746,0.8431,0.6418
ELA0647_5.txt,5,11.6897,11.4915,7.4505,1.569,2.1017,1.5424,0.2527,0.3898,1.0172,0.339,0.2203,0.1429,1,0.6484
ELA0648_7.txt,7,14.6452,14.4127,8.6476,1.6935,2.1587,1.6667,0.2571,0.4286,1.0161,0.3175,0.4286,0.2571,1.4762,0.8857
ELA0649_9.txt,9,16.8833,15.5846,9.1261,1.85,2.1538,1.7077,0.2793,0.4769,1.0833,0.3692,0.4923,0.2883,1.6462,0.964
ELA0650_12.txt,12,18.0781,17.0147,10.0609,1.7969,2.2059,1.6912,0.2609,0.4412,1.0625,0.3382,0.5147,0.3043,1.7353,1.0261
ELA0651_3.txt,3,8.8689,9.0167,7.3108,1.2131,1.3833,1.2333,0.1892,0.2333,0.9836,0.2167,0.1333,0.1081,0.9,0.7297
ELA0652_5.txt,5,11.1846,11.3594,7.9022,1.4154,1.625,1.4375,0.2609,0.375,0.9846,0.2812,0.1562,0.1087,1.3438,0.9348
ELA0653_7.txt,7,15.963,14.8621,9.2688,1.7222,1.8966,1.6034,0.3441,0.5517,1.0741,0.4483,0.2586,0.1613,1.7414,1.086
ELA0654_9.txt,9,18.234,17.14,9.4176,1.9362,2.22,1.82,0.4176,0.76,1.0638,0.5,0.24,0.1319,2.12,1.1648
ELA0655_12.txt,12,24.3125,22.2286,10.6575,2.2812,2.6857,2.0857,0.4658,0.9714,1.0938,0.6,0.3429,0.1644,2.7714,1.3288
ELA0656_3.txt,3,7.62,7.9375,5.6866,1.34,1.5208,1.3958,0.2537,0.3542,0.96,0.375,0.0417,0.0299,1.0833,0.7761
ELA0657_5.txt,5,10.2059,10.3582,6.6095,1.5441,1.8507,1.5672,0.3524,0.5522,0.9853,0.4478,0.0299,0.019,1.4627,0.9333
ELA0658_7.txt,7,12.4932,12.4932,7.6639,1.6301,1.9452,1.6301,0.3866,0.6301,1,0.4932,0.1918,0.1176,1.8493,1.1345
ELA0659_9.txt,9,16.2131,15.4531,8.6754,1.8689,2.1562,1.7812,0.4298,0.7656,1.0492,0.5781,0.2656,0.1491,2.2188,1.2456
ELA0660_12.txt,12,20.2642,19.1786,8.95,2.2642,2.6071,2.1429,0.4833,1.0357,1.0566,0.6607,0.3571,0.1667,2.6607,1.2417
ELA0661_3.txt,3,9.2553,9.2553,7.25,1.2766,1.5745,1.2766,0.1667,0.2128,1,0.1915,0.2128,0.1667,0.7872,0.6167
ELA0662_5.txt,5,12.7955,12.5111,8.2794,1.5455,1.8889,1.5111,0.2647,0.4,1.0227,0.3556,0.3111,0.2059,1.1778,0.7794
ELA0663_7.txt,7,16.3143,15.0263,8.5224,1.9143,2.3421,1.7632,0.3433,0.6053,1.0857,0.4474,0.3684,0.209,1.7105,0.9701
ELA0664_9.txt,9,20.069,18.7742,9.541,2.1034,2.7097,1.9677,0.4098,0.8065,1.069,0.5161,0.4839,0.2459,2.2903,1.1639
ELA0665_12.txt,12,23.7083,20.3214,9.1774,2.5833,3.0357,2.2143,0.4355,0.9643,1.1667,0.6786,0.5357,0.2419,2.3571,1.0645
ELA0666_3.txt,3,8.6545,8.6545,7.3231,1.1818,1.5091,1.1818,0.1538,0.1818,1,0.1818,0.0727,0.0615,0.9818,0.8308
ELA0667_5.txt,5,11.4444,11.2656,9.0125,1.2698,1.6094,1.25,0.2,0.25,1.0159,0.2031,0.125,0.1,1.4062,1.125
ELA0668_7.txt,7,15.9649,15.4237,10.7059,1.4912,1.8475,1.4407,0.2588,0.3729,1.0351,0.2881,0.2203,0.1529,1.9322,1.3412
ELA0669_9.txt,9,20.3256,18.2083,10.925,1.8605,2.1042,1.6667,0.35,0.5833,1.1163,0.4167,0.2917,0.175,2.4583,1.475
ELA0670_12.txt,12,22.0278,20.3333,11.8358,1.8611,2.2564,1.7179,0.3433,0.5897,1.0833,0.4103,0.3077,0.1791,2.7436,1.597
ELA0671_3.txt,3,8.7593,8.7593,6.5694,1.3333,1.4815,1.3333,0.1944,0.2593,1,0.2593,0.0556,0.0417,0.9074,0.6806
ELA0672_5.txt,5,12.1607,12.1607,8.2048,1.4821,1.625,1.4821,0.241,0.3571,1,0.2857,0.1786,0.1205,1.5893,1.0723
ELA0673_7.txt,7,14.8431,14.8431,9.3457,1.5882,1.8235,1.5882,0.2593,0.4118,1,0.4118,0.1569,0.0988,1.8627,1.1728
ELA0674_9.txt,9,16.2093,15.8409,9.6806,1.6744,1.9091,1.6364,0.2778,0.4545,1.0233,0.4545,0.1591,0.0972,2.0227,1.2361
ELA0675_12.txt,12,19.9032,19.2812,9.9516,2,2.25,1.9375,0.3226,0.625,1.0323,0.4688,0.2188,0.1129,2.5,1.2903
ELA0676_3.txt,3,9.6471,9.6471,8.339,1.1569,1.451,1.1569,0.1356,0.1569,1,0.1569,0.1373,0.1186,0.9608,0.8305
ELA0677_5.txt,5,12.0167,11.8197,8.9012,1.35,1.7869,1.3279,0.1728,0.2295,1.0167,0.2295,0.1311,0.0988,1.1475,0.8642
ELA0678_7.txt,7,15.127,14.6615,10.0316,1.5079,1.8923,1.4615,0.2211,0.3231,1.0317,0.3077,0.2154,0.1474,1.6154,1.1053
ELA0679_9.txt,9,17.25,15.9231,10.2222,1.6875,2.0962,1.5577,0.2469,0.3846,1.0833,0.3462,0.2308,0.1481,1.9231,1.2346
ELA0680_12.txt,12,19.475,18.5476,10.527,1.85,2.3571,1.7619,0.2432,0.4286,1.05,0.381,0.2857,0.1622,2.2619,1.2838
ELA0681_3.txt,3,9,9,7.1695,1.2553,1.4255,1.2553,0.1695,0.2128,1,0.1489,0.0851,0.0678,0.9787,0.7797
ELA0682_5.txt,5,11.9444,11.7273,7.7711,1.537,1.7636,1.5091,0.2771,0.4182,1.0185,0.2909,0.2,0.1325,1.3273,0.8795
ELA0683_7.txt,7,16.175,15.0465,8.863,1.825,2.0698,1.6977,0.3562,0.6047,1.075,0.3721,0.2791,0.1644,2.0698,1.2192
ELA0684_9.txt,9,18.8529,17.8056,9.0282,2.0882,2.3611,1.9722,0.4225,0.8333,1.0588,0.5278,0.4167,0.2113,2.5,1.2676
ELA0685_12.txt,12,20.9655,19,9.8065,2.1379,2.375,1.9375,0.4194,0.8125,1.1034,0.4688,0.5312,0.2742,2.7812,1.4355
ELA0686_3.txt,3,8.2881,8.431,7.5231,1.1017,1.2069,1.1207,0.1231,0.1379,0.9831,0.1034,0.1379,0.1231,0.9138,0.8154
ELA0687_5.txt,5,12.8148,11.5333,8.5432,1.5,1.5,1.35,0.2222,0.3,1.1111,0.2,0.2667,0.1975,1.3667,1.0123
ELA0688_7.txt,7,15.2742,14.5692,9.2843,1.6452,1.7385,1.5692,0.2451,0.3846,1.0484,0.2769,0.3538,0.2255,1.8923,1.2059
ELA0689_9.txt,9,18.4898,16.4727,9.7419,1.898,1.8909,1.6909,0.3011,0.5091,1.1224,0.3091,0.4182,0.2473,2.1091,1.2473
ELA0690_12.txt,12,19.1957,17.66,10.1494,1.8913,1.98,1.74,0.3218,0.56,1.087,0.38,0.4,0.2299,2.36,1.3563
ELA0691_3.txt,3,9.0513,8.825,7.5106,1.2051,1.275,1.175,0.1702,0.2,1.0256,0.1,0.425,0.3617,0.65,0.5532
ELA0692_5.txt,5,12.2941,12.54,10.1129,1.2157,1.6,1.24,0.1613,0.2,0.9804,0.18,0.34,0.2742,1.12,0.9032
ELA0693_7.txt,7,16.0208,15.6939,11.8308,1.3542,1.6735,1.3265,0.2154,0.2857,1.0208,0.2449,0.5102,0.3846,1.6327,1.2308
ELA0694_9.txt,9,18.4545,18.0444,12.8889,1.4318,1.8,1.4,0.2381,0.3333,1.0227,0.3111,0.6444,0.4603,1.8222,1.3016
ELA0695_12.txt,12,20.3492,19.7231,14.2444,1.4286,1.7692,1.3846,0.2333,0.3231,1.0317,0.3077,0.6769,0.4889,2.2769,1.6444
ELA0696_3.txt,3,9.1458,9.1458,7.1967,1.2708,1.5208,1.2708,0.2131,0.2708,1,0.25,0.1875,0.1475,1.1042,0.8689
ELA0697_5.txt,5,12.6,12.6,8.1529,1.5455,1.9091,1.5455,0.3882,0.6,1,0.4909,0.3818,0.2471,1.5455,1
ELA0698_7.txt,7,14.8852,14.6452,9.8696,1.5082,2.129,1.4839,0.3152,0.4677,1.0164,0.4194,0.4677,0.3152,1.9516,1.3152
ELA0699_9.txt,9,18.2407,16.6949,10.7065,1.7037,2.2712,1.5593,0.3261,0.5085,1.0926,0.4576,0.4576,0.2935,2.2373,1.4348
ELA0700_12.txt,12,24.7917,22.4528,11.1215,2.2292,2.9811,2.0189,0.3738,0.7547,1.1042,0.5283,0.6038,0.2991,3.1321,1.5514
ELA0701_3.txt,3,9.0364,9.2037,7.8889,1.1455,1.5185,1.1667,0.1111,0.1296,0.9818,0.1111,0.1852,0.1587,0.9074,0.7778
ELA0702_5.txt,5,12.0167,11.629,9.7432,1.2333,1.5161,1.1935,0.1486,0.1774,1.0333,0.1613,0.1935,0.1622,1.2258,1.027
ELA0703_7.txt,7,14.6333,13.7188,10.975,1.3333,1.6562,1.25,0.175,0.2188,1.0667,0.2031,0.2188,0.175,1.5781,1.2625
ELA0704_9.txt,9,18.5417,16.4815,11.5584,1.6042,1.8889,1.4259,0.1948,0.2778,1.125,0.2407,0.2407,0.1688,1.9815,1.3896
ELA0705_12.txt,12,21.9722,19.775,12.1692,1.8056,2.3,1.625,0.2769,0.45,1.1111,0.35,0.25,0.1538,2.45,1.5077
ELA0706_3.txt,3,8.2063,8.6167,6.8933,1.1905,1.4333,1.25,0.1467,0.1833,0.9524,0.1667,0.1667,0.1333,0.9333,0.7467
ELA0707_5.txt,5,11.0429,11.2029,8.5889,1.2857,1.6667,1.3043,0.1778,0.2319,0.9857,0.2319,0.2174,0.1667,1.3043,1
ELA0708_7.txt,7,14.1127,14.7353,9.3645,1.507,1.9853,1.5735,0.2991,0.4706,0.9577,0.3676,0.25,0.1589,1.9412,1.2336
ELA0709_9.txt,9,17.6066,17.9,10.0374,1.7541,2.2333,1.7833,0.3645,0.65,0.9836,0.5,0.2833,0.1589,2.5333,1.4206
ELA0710_12.txt,12,22.2766,21.8125,11.3804,1.9574,2.7083,1.9167,0.3696,0.7083,1.0213,0.5,0.5,0.2609,3.0417,1.587
ELA0711_3.txt,3,8.4545,8.2667,6.6429,1.2727,1.6,1.2444,0.25,0.3111,1.0227,0.2222,0.0444,0.0357,0.8222,0.6607
ELA0712_5.txt,5,11.1964,11.6111,8.831,1.2679,1.5741,1.3148,0.2394,0.3148,0.9643,0.2593,0.1296,0.0986,1.4444,1.0986
ELA0713_7.txt,7,13.2381,13.4516,9.4773,1.3968,1.7419,1.4194,0.2614,0.371,0.9841,0.3387,0.2258,0.1591,1.6935,1.1932
ELA0714_9.txt,9,17.1552,15.5469,9.7549,1.7586,1.9219,1.5938,0.3235,0.5156,1.1034,0.5,0.2812,0.1765,2.0156,1.2647
ELA0715_12.txt,12,26.4524,23.6383,10.3832,2.5476,2.766,2.2766,0.4953,1.1277,1.119,0.6383,0.4681,0.2056,3.4894,1.5327
ELA0716_3.txt,3,9.0192,9.5714,6.7,1.3462,1.7143,1.4286,0.2714,0.3878,0.9423,0.3469,0.0816,0.0571,1.102,0.7714
ELA0717_5.txt,5,11.1642,11.6875,8.5977,1.2985,1.6562,1.3594,0.2529,0.3438,0.9552,0.2812,0.1406,0.1034,1.5156,1.1149
ELA0718_7.txt,7,14.9767,14.6364,8.9444,1.6744,2.0227,1.6364,0.3194,0.5227,1.0233,0.3864,0.2273,0.1389,1.9318,1.1806
ELA0719_9.txt,9,18,18,10.0328,1.7941,2.3235,1.7941,0.377,0.6765,1,0.3235,0.2941,0.1639,2.5,1.3934
ELA0720_12.txt,12,20.5217,20.5217,10.9767,1.8696,2.7391,1.8696,0.3721,0.6957,1,0.4348,0.5217,0.2791,2.4348,1.3023
ELA0721_3.txt,3,9.0784,8.9038,7.2344,1.2549,1.3462,1.2308,0.1094,0.1346,1.0196,0.1154,0.0192,0.0156,0.8269,0.6719
ELA0722_5.txt,5,12.3214,11.8966,8.2143,1.5,1.8103,1.4483,0.25,0.3621,1.0357,0.3276,0.1379,0.0952,1.1379,0.7857
ELA0723_7.txt,7,15.9643,15.9643,9.2165,1.7321,2.3214,1.7321,0.3608,0.625,1,0.4286,0.1786,0.1031,1.6786,0.9691
ELA0724_9.txt,9,17.9821,16.5082,9.1545,1.9643,2.4098,1.8033,0.3818,0.6885,1.0893,0.4754,0.1967,0.1091,1.623,0.9
ELA0725_12.txt,12,19.6071,18.6102,9.7168,2.0179,2.5424,1.9153,0.4071,0.7797,1.0536,0.4746,0.3729,0.1947,2.1017,1.0973
ELA0726_3.txt,3,9.0204,8.84,6.597,1.3673,1.8,1.34,0.2537,0.34,1.0204,0.26,0.1,0.0746,0.94,0.7015
ELA0727_5.txt,5,11.7414,11.5424,8.0118,1.4655,1.7966,1.4407,0.2118,0.3051,1.0172,0.2712,0.1695,0.1176,1.3559,0.9412
ELA0728_7.txt,7,15,14.5385,8.8318,1.6984,2.0308,1.6462,0.2804,0.4615,1.0317,0.3692,0.2154,0.1308,2.0154,1.2243
ELA0729_9.txt,9,17.8333,15.7869,9.7273,1.8333,2.0328,1.623,0.2727,0.4426,1.1296,0.377,0.2787,0.1717,2.2459,1.3838
ELA0730_12.txt,12,21.5385,20,9.7674,2.2051,2.5238,2.0476,0.3721,0.7619,1.0769,0.5714,0.381,0.186,2.8333,1.3837
ELA0731_3.txt,3,8.2321,8.0877,6.9848,1.1786,1.4211,1.1579,0.1212,0.1404,1.0179,0.1404,0.0877,0.0758,0.6842,0.5909
ELA0732_5.txt,5,11.6393,11.6393,9.1026,1.2787,1.7869,1.2787,0.1795,0.2295,1,0.2131,0.2459,0.1923,1.1803,0.9231
ELA0733_7.txt,7,15.0167,14.7705,10.8554,1.3833,1.8852,1.3607,0.2169,0.2951,1.0167,0.2787,0.377,0.2771,1.8033,1.3253
ELA0734_9.txt,9,17.931,17.931,11.1828,1.6034,2.1207,1.6034,0.3226,0.5172,1,0.431,0.3448,0.2151,2.3103,1.4409
ELA0735_12.txt,12,24.2439,24.2439,12.9091,1.878,2.6098,1.878,0.3896,0.7317,1,0.4634,0.5122,0.2727,3.2439,1.7273
ELA0736_3.txt,3,8.8571,9.0182,6.7945,1.3036,1.5091,1.3273,0.2329,0.3091,0.9821,0.2182,0.0727,0.0548,1,0.7534
ELA0737_5.txt,5,12.0741,12.3019,9.0556,1.3333,1.8113,1.3585,0.1944,0.2642,0.9815,0.2075,0.3208,0.2361,1.3396,0.9861
ELA0738_7.txt,7,14.9333,13.7846,9.0505,1.65,2,1.5231,0.2323,0.3538,1.0833,0.3077,0.4462,0.2929,1.4615,0.9596
ELA0739_9.txt,9,17.8571,15.873,10.4167,1.7143,2.1111,1.5238,0.2604,0.3968,1.125,0.3333,0.5556,0.3646,1.9048,1.25
ELA0740_12.txt,12,25.775,21.9362,13.0506,1.975,2.5745,1.6809,0.2911,0.4894,1.175,0.4043,0.6809,0.4051,2.7234,1.6203
ELA0741_3.txt,3,9.9608,9.9608,7.2571,1.3725,1.6667,1.3725,0.2714,0.3725,1,0.3529,0.0196,0.0143,0.8824,0.6429
ELA0742_5.txt,5,13.082,13.3,9.0682,1.4426,1.8333,1.4667,0.3182,0.4667,0.9836,0.4167,0.1167,0.0795,1.3333,0.9091
ELA0743_7.txt,7,16.4464,16.4464,9.9032,1.6607,2.1786,1.6607,0.3763,0.625,1,0.5,0.1964,0.1183,1.9107,1.1505
ELA0744_9.txt,9,19.6304,19.6304,11.2875,1.7391,2.3696,1.7391,0.4375,0.7609,1,0.5217,0.2609,0.15,2.3696,1.3625
ELA0745_12.txt,12,24.7742,23.2727,11.4627,2.1613,2.8182,2.0303,0.4478,0.9091,1.0645,0.6061,0.2424,0.1194,2.9091,1.4328
ELA0746_3.txt,3,9.2321,9.2321,7.3857,1.25,1.5179,1.25,0.2286,0.2857,1,0.2857,0.1964,0.1571,0.8214,0.6571
ELA0747_5.txt,5,11.7797,11.7797,9.2667,1.2712,1.6441,1.2712,0.2,0.2542,1,0.2712,0.2034,0.16,1.3051,1.0267
ELA0748_7.txt,7,15.1636,13.9,9.2667,1.6364,1.9,1.5,0.2667,0.4,1.0909,0.35,0.2667,0.1778,1.6,1.0667
ELA0749_9.txt,9,18.1765,15.1967,10.3,1.7647,1.8525,1.4754,0.3,0.4426,1.1961,0.377,0.3443,0.2333,1.7541,1.1889
ELA0750_12.txt,12,20.3191,18.0189,9.55,2.1277,2.0566,1.8868,0.36,0.6792,1.1277,0.4717,0.4906,0.26,2.434,1.29
S0751_3.txt,3,9.0222,9.2273,7.5185,1.2,1.4091,1.2273,0.1667,0.2045,0.9778,0.1818,0.0909,0.0741,0.9091,0.7407
S0752_5.txt,5,11.95,11.95,7.6277,1.5667,1.8,1.5667,0.2872,0.45,1,0.3167,0.1167,0.0745,1.25,0.7979
S0753_7.txt,7,14.3958,13.82,7.764,1.8542,2.02,1.78,0.3483,0.62,1.0417,0.44,0.16,0.0899,1.66,0.9326
S0754_9.txt,9,18.1892,17.7105,8.6282,2.1081,2.4211,2.0526,0.4231,0.8684,1.027,0.5526,0.1842,0.0897,2.2632,1.1026
S0755_12.txt,12,21.0667,21.0667,8.7778,2.4,2.8333,2.4,0.5,1.2,1,0.7333,0.2333,0.0972,2.7333,1.1389
S0756_3.txt,3,8.56,8.9167,6.4848,1.32,1.5625,1.375,0.2576,0.3542,0.96,0.2917,0.1042,0.0758,0.7083,0.5152
S0757_5.txt,5,11.5938,11.7778,8.5287,1.3594,1.8571,1.381,0.2874,0.3968,0.9844,0.3492,0.2381,0.1724,1.3016,0.9425
S0758_7.txt,7,13.6825,14.1311,8.9792,1.5238,2.0492,1.5738,0.3542,0.5574,0.9683,0.4426,0.3443,0.2188,1.6393,1.0417
S0759_9.txt,9,15.9038,15.9038,10.2099,1.5577,2.0769,1.5577,0.358,0.5577,1,0.4615,0.3462,0.2222,1.9808,1.2716
S0760_12.txt,12,20.6765,20.6765,10.6515,1.9412,2.5294,1.9412,0.4242,0.8235,1,0.5294,0.5588,0.2879,2.6471,1.3636
S0761_3.txt,3,8.8395,9.1795,6.6296,1.3333,1.4744,1.3846,0.25,0.3462,0.963,0.3077,0.141,0.1019,0.9615,0.6944
S0762_5.txt,5,11.4762,11.9012,8.6071,1.3333,1.6173,1.3827,0.2589,0.358,0.9643,0.284,0.2099,0.1518,1.5556,1.125
S0763_7.txt,7,13.6463,13.8148,10.0811,1.3537,1.642,1.3704,0.2523,0.3457,0.9878,0.2593,0.284,0.2072,1.8025,1.3153
S0764_9.txt,9,16.9167,16.6849,11.1743,1.5139,1.863,1.4932,0.2844,0.4247,1.0139,0.3288,0.3562,0.2385,2.2603,1.5138
S0765_12.txt,12,22.6964,21.5424,12.9694,1.75,2.2034,1.661,0.3367,0.5593,1.0536,0.4237,0.5424,0.3265,3.1186,1.8776
S0766_3.txt,3,7.9487,8.1579,7.561,1.0513,1.2368,1.0789,0.0976,0.1053,0.9744,0.1053,0.1842,0.1707,0.8947,0.8293
S0767_5.txt,5,11.7407,11.5273,9.0571,1.2963,1.5455,1.2727,0.2429,0.3091,1.0185,0.2364,0.2182,0.1714,1.1636,0.9143
S0768_7.txt,7,14.0169,14.0169,10.3375,1.3559,1.6102,1.3559,0.2375,0.322,1,0.2542,0.3559,0.2625,1.6102,1.1875
S0769_9.txt,9,18.2222,17.2632,11.1818,1.6296,2.1579,1.5439,0.3523,0.5439,1.0556,0.4211,0.2807,0.1818,2.2456,1.4545
S0770_12.txt,12,23.6341,20.617,11.8171,2,2.5106,1.7447,0.4268,0.7447,1.1463,0.5319,0.3404,0.1951,2.766,1.5854
S0771_3.txt,3,8.3333,8.5227,6.0484,1.3778,1.6364,1.4091,0.3065,0.4318,0.9778,0.3409,0.1591,0.1129,0.8409,0.5968
S0772_5.txt,5,11.2414,11.2414,7.7619,1.4483,1.7241,1.4483,0.2619,0.3793,1,0.3448,0.2759,0.1905,1.1207,0.7738
S0773_7.txt,7,13.6212,12.662,8.99,1.5152,1.7606,1.4085,0.21,0.2958,1.0758,0.2817,0.2535,0.18,1.507,1.07
S0774_9.txt,9,16.0645,15.5625,9.7647,1.6452,2.0156,1.5938,0.2745,0.4375,1.0323,0.3906,0.4062,0.2549,1.9688,1.2353
S0775_12.txt,12,17.9024,16.3111,9.2911,1.9268,2.1667,1.7556,0.3165,0.5556,1.0976,0.4667,0.4556,0.2595,2.0222,1.1519
S0776_3.txt,3,8.4314,8.4314,7.8182,1.0784,1.4706,1.0784,0.0909,0.098,1,0.098,0.1176,0.1091,0.8039,0.7455
S0777_5.txt,5,11.4167,10.873,9.0132,1.2667,1.5397,1.2063,0.1447,0.1746,1.05,0.1746,0.254,0.2105,1.2698,1.0526
S0778_7.txt,7,14.9322,13.7656,9.5761,1.5593,1.8125,1.4375,0.2717,0.3906,1.0847,0.3438,0.3281,0.2283,1.7188,1.1957
S0779_9.txt,9,18.2037,16.1148,10.3474,1.7593,1.9508,1.5574,0.2947,0.459,1.1296,0.3934,0.3607,0.2316,1.9672,1.2632
S0780_12.txt,12,21.7042,20.013,10.9291,1.9859,2.4545,1.8312,0.3617,0.6623,1.0845,0.4675,0.5584,0.305,2.3766,1.2979
S0781_3.txt,3,9.0612,9.0612,7.5254,1.2041,1.3061,1.2041,0.1356,0.1633,1,0.1633,0.1429,0.1186,1.0408,0.8644
S0782_5.txt,5,12.7857,12.5614,8.6265,1.4821,1.5789,1.4561,0.2651,0.386,1.0179,0.2982,0.2807,0.1928,1.5263,1.0482
S0783_7.txt,7,15.7288,15.2131,10.427,1.5085,1.6885,1.459,0.2584,0.377,1.0339,0.3115,0.4426,0.3034,1.918,1.3146
S0784_9.txt,9,19.1091,18.4386,10.8351,1.7636,2,1.7018,0.3402,0.5789,1.0364,0.4211,0.5614,0.3299,2.3684,1.3918
S0785_12.txt,12,24.434,21.2295,11.1638,2.1887,2.2623,1.9016,0.4052,0.7705,1.1509,0.4754,0.6721,0.3534,2.8689,1.5086
S0786_3.txt,3,9.1957,9.1957,7.05,1.3043,1.4565,1.3043,0.2,0.2609,1,0.2609,0.0217,0.0167,1.1522,0.8833
S0787_5.txt,5,11.5167,11.9138,8.5309,1.35,1.6552,1.3966,0.2346,0.3276,0.9667,0.2931,0.1034,0.0741,1.431,1.0247
S0788_7.txt,7,15,14.7115,9.3293,1.6078,1.8846,1.5769,0.2805,0.4423,1.0196,0.4038,0.1538,0.0976,1.8654,1.1829
S0789_9.txt,9,18.5385,17.6341,10.0417,1.8462,2.2439,1.7561,0.3611,0.6341,1.0513,0.561,0.2195,0.125,2.2439,1.2778
S0790_12.txt,12,24.5357,21.4688,10.5692,2.3214,2.5938,2.0312,0.4154,0.8438,1.1429,0.75,0.3438,0.1692,2.8125,1.3846
S0791_3.txt,3,8.9375,8.9375,7.2712,1.2292,1.4583,1.2292,0.2034,0.25,1,0.2292,0.0625,0.0508,0.9167,0.7458
S0792_5.txt,5,12.4107,11.7797,8.0814,1.5357,1.7627,1.4576,0.2907,0.4237,1.0536,0.3559,0.1356,0.093,1.4237,0.9767
S0793_7.txt,7,17.7451,15.8772,8.9604,1.9804,2.0877,1.7719,0.3762,0.6667,1.1176,0.4561,0.3333,0.1881,2.0526,1.1584
S0794_9.txt,9,20.6,18.1765,9.1782,2.2444,2.3922,1.9804,0.4554,0.902,1.1333,0.549,0.3725,0.1881,2.4118,1.2178
S0795_12.txt,12,28.125,21.4286,9.6774,2.9062,2.6905,2.2143,0.4946,1.0952,1.3125,0.619,0.4524,0.2043,3,1.3548
S0796_3.txt,3,9.0208,8.8367,7.2167,1.25,1.3469,1.2245,0.2,0.2449,1.0208,0.2245,0.2449,0.2,1.0204,0.8333
S0797_5.txt,5,12.814,12.814,9.6667,1.3256,1.5814,1.3256,0.2807,0.3721,1,0.2791,0.3256,0.2456,1.6512,1.2456
S0798_7.txt,7,14.575,14.9487,11,1.325,1.7179,1.359,0.283,0.3846,0.975,0.3077,0.2564,0.1887,1.8462,1.3585
S0799_9.txt,9,18.1786,17.5517,13.0513,1.3929,1.6552,1.3448,0.2821,0.3793,1.0357,0.2759,0.3793,0.2821,2.2414,1.6667
S0800_12.txt,12,28.1667,24.1429,13.3421,2.1111,2.2381,1.8095,0.3947,0.7143,1.1667,0.5714,0.5238,0.2895,3.1905,1.7632
S0801_3.txt,3,8.4576,8.6034,6.4805,1.3051,1.569,1.3276,0.2468,0.3276,0.9831,0.2931,0.1379,0.1039,0.9655,0.7273
S0802_5.txt,5,11.8545,12.0741,7.5814,1.5636,2.1296,1.5926,0.3721,0.5926,0.9818,0.3889,0.2407,0.1512,1.3704,0.8605
S0803_7.txt,7,14.7451,14.1887,8.7442,1.6863,2.0566,1.6226,0.3721,0.6038,1.0392,0.434,0.3019,0.186,1.6792,1.0349
S0804_9.txt,9,17.8864,16.3958,9.5976,1.8636,2.3333,1.7083,0.3902,0.6667,1.0909,0.5,0.375,0.2195,2.0208,1.1829
S0805_12.txt,12,26.5185,21.697,10.5294,2.5185,2.7576,2.0606,0.3971,0.8182,1.2222,0.6667,0.5758,0.2794,2.4545,1.1912
S0806_3.txt,3,8.4444,8.5634,6.6813,1.2639,1.3944,1.2817,0.2088,0.2676,0.9861,0.2535,0.0563,0.044,1.1549,0.9011
S0807_5.txt,5,10.9692,10.803,8.1954,1.3385,1.5303,1.3182,0.2414,0.3182,1.0154,0.2727,0.1061,0.0805,1.5758,1.1954
S0808_7.txt,7,14.3922,14.68,10.9552,1.3137,1.66,1.34,0.2687,0.36,0.9804,0.32,0.36,0.2687,2.28,1.7015
S0809_9.txt,9,16.875,16.4634,10.8871,1.55,1.8537,1.5122,0.3226,0.4878,1.025,0.4146,0.3415,0.2258,2.7073,1.7903
S0810_12.txt,12,25.9524,22.7083,12.3864,2.0952,2.375,1.8333,0.3636,0.6667,1.1429,0.625,0.5,0.2727,3.5833,1.9545
S0811_3.txt,3,7.8077,7.9608,6.0597,1.2885,1.4902,1.3137,0.194,0.2549,0.9808,0.2157,0.0588,0.0448,0.7647,0.5821
S0812_5.txt,5,11.1818,10.9821,6.9886,1.6,1.8571,1.5714,0.2727,0.4286,1.0182,0.3214,0.125,0.0795,1.125,0.7159
S0813_7.txt,7,14.6316,14.3793,8.0971,1.807,2.2586,1.7759,0.3398,0.6034,1.0175,0.4655,0.2069,0.1165,1.7241,0.9709
S0814_9.txt,9,17.6724,17.0833,8.8362,2,2.4333,1.9333,0.4052,0.7833,1.0345,0.5167,0.2667,0.1379,1.9833,1.0259
S0815_12.txt,12,29.1957,25.8269,9.8029,2.9783,3.4423,2.6346,0.5036,1.3269,1.1304,0.7692,0.4808,0.1825,3.2308,1.2263
S0816_3.txt,3,7.5641,7.375,6.7045,1.1282,1.275,1.1,0.1136,0.125,1.0256,0.125,0.15,0.1364,0.9,0.8182
S0817_5.txt,5,11.5385,11.3208,8.8235,1.3077,1.6415,1.283,0.1912,0.2453,1.0192,0.1887,0.3019,0.2353,1.3019,1.0147
S0818_7.txt,7,14.3962,13.625,9.6582,1.4906,1.75,1.4107,0.2152,0.3036,1.0566,0.2143,0.4107,0.2911,1.5536,1.1013
S0819_9.txt,9,17.7073,16.1333,10.5217,1.6829,1.9778,1.5333,0.2609,0.4,1.0976,0.2667,0.4667,0.3043,1.9333,1.2609
S0820_12.txt,12,21.7097,17.2564,11.807,1.8387,1.9744,1.4615,0.2982,0.4359,1.2581,0.3333,0.6154,0.4211,2.1026,1.4386
S0821_3.txt,3,8.9773,9.186,6.6949,1.3409,1.4884,1.3721,0.2881,0.3953,0.9773,0.3953,0.186,0.1356,0.8605,0.6271
S0822_5.txt,5,11.1923,11.64,8.5588,1.3077,1.62,1.36,0.2794,0.38,0.9615,0.36,0.3,0.2206,1.24,0.9118
S0823_7.txt,7,13.0192,12.7736,9.9559,1.3077,1.6226,1.283,0.25,0.3208,1.0192,0.2264,0.2453,0.1912,1.6038,1.25
S0824_9.txt,9,16.2683,16.2683,10.5873,1.5366,2.0244,1.5366,0.3651,0.561,1,0.4146,0.2927,0.1905,2.2195,1.4444
S0825_12.txt,12,22.2593,20.7241,12.02,1.8519,2.6207,1.7241,0.44,0.7586,1.0741,0.5862,0.4138,0.24,2.7241,1.58
S0826_3.txt,3,9.8409,9.8409,5.7733,1.7045,1.8409,1.7045,0.3867,0.6591,1,0.5,0.0455,0.0267,1,0.5867
S0827_5.txt,5,12.4815,12.4815,8.1205,1.537,1.6111,1.537,0.241,0.3704,1,0.2407,0.1296,0.0843,1.5741,1.0241
S0828_7.txt,7,14.8298,14.5208,9.1711,1.617,1.6875,1.5833,0.2105,0.3333,1.0213,0.25,0.1875,0.1184,2.0625,1.3026
S0829_9.txt,9,17.7368,16.85,10.2121,1.7368,1.775,1.65,0.2121,0.35,1.0526,0.25,0.4,0.2424,2.5,1.5152
S0830_12.txt,12,21.6071,21.6071,11,1.9643,2.1071,1.9643,0.2727,0.5357,1,0.3929,0.3929,0.2,3.4286,1.7455
S0831_3.txt,3,8.3333,8.6207,6.8493,1.2167,1.5,1.2586,0.1644,0.2069,0.9667,0.2069,0.0517,0.0411,0.931,0.7397
S0832_5.txt,5,11.254,11.4355,8.0568,1.3968,1.6774,1.4194,0.2159,0.3065,0.9841,0.2903,0.0806,0.0568,1.2903,0.9091
S0833_7.txt,7,14.6,14.6,9.125,1.6,1.9231,1.6,0.2981,0.4769,1,0.3846,0.1846,0.1154,1.9077,1.1923
S0834_9.txt,9,18,17.4,9.9429,1.8103,2.25,1.75,0.3619,0.6333,1.0345,0.5,0.2667,0.1524,2.4167,1.381
S0835_12.txt,12,21.7273,19.9167,9.9583,2.1818,2.5833,2,0.4062,0.8125,1.0909,0.625,0.3333,0.1667,2.7917,1.3958
S0836_3.txt,3,10,9.7297,7.5,1.3333,1.9459,1.2973,0.2292,0.2973,1.0278,0.2973,0.1622,0.125,0.9459,0.7292
S0837_5.txt,5,12.5556,12.2826,8.1884,1.5333,1.9783,1.5,0.2609,0.3913,1.0222,0.3261,0.3478,0.2319,1.0435,0.6957
S0838_7.txt,7,14.6346,14.6346,8.8488,1.6538,2.0769,1.6538,0.3023,0.5,1,0.4423,0.3846,0.2326,1.5385,0.9302
S0839_9.txt,9,17.0227,15.9362,9.7273,1.75,2.2979,1.6383,0.2468,0.4043,1.0682,0.3404,0.4894,0.2987,1.6383,1
S0840_12.txt,12,24.6667,21.4839,10.918,2.2593,2.9032,1.9677,0.2787,0.5484,1.1481,0.3871,0.6452,0.3279,2.4194,1.2295
S0841_3.txt,3,9.1613,8.875,7.2821,1.2581,1.5312,1.2188,0.1667,0.2031,1.0323,0.1875,0.1094,0.0897,0.875,0.7179
S0842_5.txt,5,12.2321,12.0175,8.8961,1.375,1.7193,1.3509,0.2468,0.3333,1.0179,0.2632,0.2105,0.1558,1.2982,0.961
S0843_7.txt,7,15.9216,15.9216,11.2778,1.4118,1.8824,1.4118,0.2361,0.3333,1,0.2941,0.4118,0.2917,2,1.4167
S0844_9.txt,9,18.6875,18.6875,12.8143,1.4583,1.9375,1.4583,0.2571,0.375,1,0.2917,0.5,0.3429,2.3542,1.6143
S0845_12.txt,12,25.6667,24.4146,13.9028,1.8462,2.5366,1.7561,0.3333,0.5854,1.0513,0.439,0.7561,0.4306,3.3415,1.9028
S0846_3.txt,3,7.806,8.1719,7.0676,1.1045,1.3281,1.1562,0.1351,0.1562,0.9552,0.125,0.1406,0.1216,0.9844,0.8514
S0847_5.txt,5,11.3793,12.6923,8.6842,1.3103,1.7308,1.4615,0.3026,0.4423,0.8966,0.3654,0.25,0.1711,1.5192,1.0395
S0848_7.txt,7,14.4082,16.0455,10.3824,1.3878,1.9091,1.5455,0.3529,0.5455,0.898,0.3864,0.3182,0.2059,1.7727,1.1471
S0849_9.txt,9,17.6,19.5556,11.9322,1.475,2.1389,1.6389,0.3729,0.6111,0.9,0.4167,0.4722,0.2881,2.1944,1.339
S0850_12.txt,12,20.3448,22.6923,15.5263,1.3103,2.1154,1.4615,0.2895,0.4231,0.8966,0.3846,0.5769,0.3947,2.6923,1.8421
S0851_3.txt,3,9.1132,9.1132,8.3276,1.0943,1.3774,1.0943,0.1379,0.1509,1,0.1132,0.1132,0.1034,0.7925,0.7241
S0852_5.txt,5,12.0175,12.2321,9.2568,1.2982,1.5893,1.3214,0.2027,0.2679,0.9825,0.2321,0.1786,0.1351,1.3393,1.0135
S0853_7.txt,7,17,16.6458,11.2535,1.5106,1.7917,1.4792,0.2817,0.4167,1.0213,0.3333,0.2917,0.1972,1.8542,1.2535
S0854_9.txt,9,20.6216,20.0789,12.3065,1.6757,2,1.6316,0.3226,0.5263,1.027,0.4474,0.4211,0.2581,2.3158,1.4194
S0855_12.txt,12,29.8,27.5926,13.0702,2.28,2.7407,2.1111,0.4386,0.9259,1.08,0.7407,0.5556,0.2632,3.3333,1.5789
S0856_3.txt,3,9.0377,9.0377,6.942,1.3019,1.7358,1.3019,0.1884,0.2453,1,0.2075,0.0755,0.058,1.0189,0.7826
S0857_5.txt,5,11.6774,11.8689,9.4026,1.2419,1.7705,1.2623,0.1948,0.2459,0.9839,0.2295,0.2131,0.1688,1.4098,1.1169
S0858_7.txt,7,14.9,14.4194,10.0449,1.4833,2.0968,1.4355,0.2472,0.3548,1.0333,0.2903,0.3387,0.236,1.7742,1.236
S0859_9.txt,9,17.3519,16.1552,10.5281,1.6481,2.3103,1.5345,0.3258,0.5,1.0741,0.3793,0.3276,0.2135,2.069,1.3483
S0860_12.txt,12,25.9429,21.1163,11.2099,2.3143,2.8837,1.8837,0.3951,0.7442,1.2286,0.5116,0.6279,0.3333,2.6744,1.4198
S0861_3.txt,3,8.4157,8.4157,6.8091,1.236,1.4719,1.236,0.1364,0.1685,1,0.1573,0.1573,0.1273,0.8764,0.7091
S0862_5.txt,5,11.2647,11.1014,8.0632,1.3971,1.7391,1.3768,0.2,0.2754,1.0147,0.2464,0.3333,0.2421,1.3623,0.9895
S0863_7.txt,7,14.8333,14.3971,9.0648,1.6364,2.0441,1.5882,0.2778,0.4412,1.0303,0.3529,0.5882,0.3704,1.8971,1.1944
S0864_9.txt,9,18.6481,16.5082,10.1717,1.8333,2.1639,1.623,0.3131,0.5082,1.1296,0.377,0.7049,0.4343,2.1311,1.3131
S0865_12.txt,12,21.2558,17.9216,10.2697,2.0698,2.3922,1.7451,0.3258,0.5686,1.186,0.4118,0.7647,0.4382,2.3137,1.3258
S0866_3.txt,3,7.6852,7.6852,6.1029,1.2593,1.5,1.2593,0.1471,0.1852,1,0.1852,0.1852,0.1471,0.7407,0.5882
S0867_5.txt,5,12.0909,12.3148,8.4177,1.4364,1.8889,1.463,0.2532,0.3704,0.9818,0.3333,0.2593,0.1772,1.5556,1.0633
S0868_7.txt,7,14.6071,14.6071,9.8554,1.4821,1.9464,1.4821,0.2651,0.3929,1,0.3036,0.4286,0.2892,1.9107,1.2892
S0869_9.txt,9,17.4375,17.4375,10.8701,1.6042,2.25,1.6042,0.2987,0.4792,1,0.3542,0.5208,0.3247,2.2708,1.4156
S0870_12.txt,12,28.7778,27.75,13.1695,2.1852,3.2143,2.1071,0.4068,0.8571,1.037,0.5357,0.8929,0.4237,3.7143,1.7627
S0871_3.txt,3,8.8222,8.8222,6.7288,1.3111,1.5556,1.3111,0.1017,0.1333,1,0.1111,0.1111,0.0847,0.7333,0.5593
S0872_5.txt,5,11.7586,11.5593,7.75,1.5172,1.9661,1.4915,0.1023,0.1525,1.0172,0.1525,0.2881,0.1932,1.2034,0.8068
S0873_7.txt,7,15.2542,15,9.8901,1.5424,2.1333,1.5167,0.2308,0.35,1.0169,0.3,0.4167,0.2747,1.8167,1.1978
S0874_9.txt,9,18.125,17.4,10.3571,1.75,2.36,1.68,0.2619,0.44,1.0417,0.3,0.52,0.3095,2.12,1.2619
S0875_12.txt,12,24.6774,22.5,12.1429,2.0323,2.9412,1.8529,0.3175,0.5882,1.0968,0.4412,0.6471,0.3492,3.0588,1.6508
S0876_3.txt,3,8.62,8.62,7.6964,1.12,1.18,1.12,0.1071,0.12,1,0.12,0.16,0.1429,0.94,0.8393
S0877_5.txt,5,11.1667,11.1667,9.0541,1.2333,1.3833,1.2333,0.2162,0.2667,1,0.2167,0.2667,0.2162,1.3833,1.1216
S0878_7.txt,7,14.6415,14.1091,9.9487,1.4717,1.6545,1.4182,0.2949,0.4182,1.0377,0.3273,0.3455,0.2436,1.8727,1.3205
S0879_9.txt,9,16.5098,14.7719,10.7949,1.5294,1.6491,1.3684,0.2821,0.386,1.1176,0.3333,0.2982,0.2179,1.9649,1.4359
S0880_12.txt,12,21.1538,18.75,11.7857,1.7949,1.9545,1.5909,0.3286,0.5227,1.1282,0.4773,0.4545,0.2857,2.4773,1.5571
S0881_3.txt,3,10.1707,9.6977,6.7258,1.5122,1.9302,1.4419,0.2742,0.3953,1.0488,0.3023,0.1628,0.1129,1.0233,0.7097
S0882_5.txt,5,13.0667,12.25,7.5385,1.7333,2.3125,1.625,0.3462,0.5625,1.0667,0.4167,0.25,0.1538,1.2917,0.7949
S0883_7.txt,7,17.9111,16.12,8.3093,2.1556,2.88,1.94,0.4639,0.9,1.1111,0.48,0.42,0.2165,2,1.0309
S0884_9.txt,9,21.1364,18.9796,8.3036,2.5455,3.3469,2.2857,0.5268,1.2041,1.1136,0.4898,0.5102,0.2232,2.3265,1.0179
S0885_12.txt,12,22.7586,20.3077,8.4615,2.6897,3.4,2.4,0.5769,1.3846,1.1207,0.5538,0.5692,0.2372,2.4769,1.0321
S0886_3.txt,3,8.3878,8.7447,7.6111,1.102,1.3617,1.1489,0.1296,0.1489,0.9592,0.1489,0.1064,0.0926,1,0.8704
S0887_5.txt,5,11.6078,10.5714,8.338,1.3922,1.5,1.2679,0.2254,0.2857,1.098,0.3036,0.1786,0.1408,1.375,1.0845
S0888_7.txt,7,15.1818,14.1525,10.7051,1.4182,1.7119,1.322,0.2564,0.339,1.0727,0.2712,0.2542,0.1923,1.7797,1.3462
S0889_9.txt,9,18.3,17.5962,11.1585,1.64,2.0192,1.5769,0.2683,0.4231,1.04,0.3654,0.4038,0.2561,2.4038,1.5244
S0890_12.txt,12,27.2903,22.8649,11.589,2.3548,2.5676,1.973,0.3014,0.5946,1.1935,0.4054,0.4054,0.2055,3.1351,1.589
S0891_3.txt,3,8.617,8.617,7.2321,1.1915,1.4255,1.1915,0.1429,0.1702,1,0.1702,0.1277,0.1071,1,0.8393
S0892_5.txt,5,11.6607,11.6607,8.8243,1.3214,1.625,1.3214,0.2162,0.2857,1,0.2143,0.1607,0.1216,1.3393,1.0135
S0893_7.txt,7,14.2979,14,9.3333,1.5319,1.875,1.5,0.2778,0.4167,1.0213,0.3125,0.2083,0.1389,1.8958,1.2639
S0894_9.txt,9,17.4167,16.9459,11,1.5833,2.027,1.5405,0.2807,0.4324,1.0278,0.3243,0.4324,0.2807,2.1351,1.386
S0895_12.txt,12,24.6087,21.7692,12.0426,2.0435,2.5,1.8077,0.3617,0.6538,1.1304,0.4231,0.5,0.2766,2.7692,1.5319
S0896_3.txt,3,8.5357,8.5357,7.8361,1.0893,1.3036,1.0893,0.0492,0.0536,1,0.0536,0.1786,0.1639,0.7857,0.7213
S0897_5.txt,5,11.8095,11.5349,9.5385,1.2381,1.3953,1.2093,0.1538,0.186,1.0238,0.1628,0.3256,0.2692,1.3256,1.0962
S0898_7.txt,7,15.1613,15.1613,11.1905,1.3548,1.6129,1.3548,0.2143,0.2903,1,0.2258,0.4516,0.3333,1.871,1.381
S0899_9.txt,9,18.6,18,10.7308,1.7333,2.0968,1.6774,0.2885,0.4839,1.0333,0.3871,0.4516,0.2692,2.2581,1.3462
S0900_12.txt,12,21.0417,21.9565,11.7442,1.7917,2.3913,1.8696,0.3721,0.6957,0.9583,0.5217,0.6522,0.3488,2.8696,1.5349
S0901_3.txt,3,9.0833,8.72,7.2667,1.25,1.52,1.2,0.1,0.12,1.0417,0.12,0.06,0.05,0.78,0.65
S0902_5.txt,5,12.6981,12.6981,9.2192,1.3774,1.9623,1.3774,0.1781,0.2453,1,0.2075,0.1321,0.0959,1.3208,0.9589
S0903_7.txt,7,15.5116,14.1915,10.1061,1.5349,2.1064,1.4043,0.2273,0.3191,1.093,0.2979,0.234,0.1667,1.7021,1.2121
S0904_9.txt,9,19.2059,16.325,10.8833,1.7647,2.4,1.5,0.35,0.525,1.1765,0.425,0.275,0.1833,2.025,1.35
S0905_12.txt,12,25.4348,20.1724,11.25,2.2609,2.6552,1.7931,0.3462,0.6207,1.2609,0.4828,0.3448,0.1923,2.7931,1.5577
S0906_3.txt,3,8.3962,8.2407,7.0635,1.1887,1.3333,1.1667,0.1429,0.1667,1.0189,0.1667,0.0185,0.0159,0.8148,0.6984
S0907_5.txt,5,12.06,11.5962,8.375,1.44,1.6538,1.3846,0.1944,0.2692,1.04,0.25,0.1346,0.0972,1.3654,0.9861
S0908_7.txt,7,15.5641,13.7955,9.6349,1.6154,1.7273,1.4318,0.2222,0.3182,1.1282,0.2727,0.2727,0.1905,1.5909,1.1111
S0909_9.txt,9,19.6774,16.9444,10.339,1.9032,2.1111,1.6389,0.2881,0.4722,1.1613,0.3889,0.3333,0.2034,2.0833,1.2712
S0910_12.txt,12,25.7727,21.8077,11.1176,2.3182,2.4615,1.9615,0.3725,0.7308,1.1818,0.5,0.4231,0.2157,3,1.5294
S0911_3.txt,3,8.7115,8.7115,6.5652,1.3269,1.6154,1.3269,0.1594,0.2115,1,0.1538,0.1731,0.1304,0.8846,0.6667
S0912_5.txt,5,11.2419,11.0635,7.4946,1.5,1.7143,1.4762,0.2151,0.3175,1.0161,0.2698,0.2698,0.1828,1.1429,0.7742
S0913_7.txt,7,14.6667,14.1935,8.8889,1.65,2.0484,1.5968,0.2727,0.4355,1.0333,0.371,0.4032,0.2525,1.6452,1.0303
S0914_9.txt,9,17.625,16.5882,9.1957,1.9167,2.3725,1.8039,0.3478,0.6275,1.0625,0.5294,0.549,0.3043,2,1.1087
S0915_12.txt,12,23.2,20.8205,10.15,2.2857,2.8974,2.0513,0.4125,0.8462,1.1143,0.6154,0.5897,0.2875,2.4872,1.2125
S0916_3.txt,3,9.5652,9.5652,7.7193,1.2391,1.6087,1.2391,0.1754,0.2174,1,0.2174,0.087,0.0702,1.1522,0.9298
S0917_5.txt,5,12.5357,12.3158,8.069,1.5536,1.8772,1.5263,0.3563,0.5439,1.0179,0.4211,0.2632,0.1724,1.5088,0.9885
S0918_7.txt,7,15.9811,15.125,10.2048,1.566,1.9643,1.4821,0.3012,0.4464,1.0566,0.3571,0.4286,0.2892,1.9107,1.2892
S0919_9.txt,9,18.5455,17.7391,10.88,1.7045,2.1957,1.6304,0.3333,0.5435,1.0455,0.4348,0.587,0.36,2.2174,1.36
S0920_12.txt,12,21.8889,19.7,11.0986,1.9722,2.325,1.775,0.338,0.6,1.1111,0.475,0.725,0.4085,2.625,1.4789
S0921_3.txt,3,7.8621,8,7.3548,1.069,1.1754,1.0877,0.0968,0.1053,0.9828,0.1053,0.1579,0.1452,0.8772,0.8065
S0922_5.txt,5,11.2373,11.2373,9.338,1.2034,1.3898,1.2034,0.169,0.2034,1,0.1695,0.3559,0.2958,1.339,1.1127
S0923_7.txt,7,14.9474,14.2,10.1429,1.4737,1.7167,1.4,0.25,0.35,1.0526,0.2667,0.5167,0.369,1.6667,1.1905
S0924_9.txt,9,17.9245,15.8333,11.3095,1.5849,1.8,1.4,0.2619,0.3667,1.1321,0.2333,0.6333,0.4524,1.8333,1.3095
S0925_12.txt,12,20.8889,18.8,11.75,1.7778,2.08,1.6,0.35,0.56,1.1111,0.34,0.78,0.4875,2.08,1.3
S0926_3.txt,3,9.0426,9.2391,6.8548,1.3191,1.3696,1.3478,0.2742,0.3696,0.9787,0.3696,0.0652,0.0484,1.1304,0.8387
S0927_5.txt,5,12.3214,12.3214,7.7528,1.5893,1.8214,1.5893,0.3708,0.5893,1,0.4643,0.1071,0.0674,1.7143,1.0787
S0928_7.txt,7,16,15.6522,8.7805,1.8222,2.1739,1.7826,0.4146,0.7391,1.0222,0.5435,0.1957,0.1098,2.1957,1.2317
S0929_9.txt,9,18.2105,17.7436,9.3514,1.9474,2.4103,1.8974,0.4595,0.8718,1.0263,0.5897,0.2051,0.1081,2.641,1.3919
S0930_12.txt,12,26.16,25.1538,9.9091,2.64,3.2692,2.5385,0.5455,1.3846,1.04,0.8077,0.3846,0.1515,3.6923,1.4545
S0931_3.txt,3,8.75,8.125,6.3194,1.3846,1.4107,1.2857,0.1944,0.25,1.0769,0.1964,0.1607,0.125,0.8214,0.6389
S0932_5.txt,5,11.4833,11.1129,7.5714,1.5167,1.6613,1.4677,0.2308,0.3387,1.0333,0.2903,0.1935,0.1319,1.1935,0.8132
S0933_7.txt,7,15.0469,14.3731,9.8265,1.5312,1.7761,1.4627,0.2653,0.3881,1.0469,0.2687,0.209,0.1429,1.9104,1.3061
S0934_9.txt,9,18.1724,17.8644,10.3333,1.7586,2.2203,1.7288,0.3529,0.6102,1.0172,0.4407,0.2373,0.1373,2.4407,1.4118
S0935_12.txt,12,22.2838,20.6125,10.8487,2.0541,2.475,1.9,0.3684,0.7,1.0811,0.5,0.4375,0.2303,2.7125,1.4276
S0936_3.txt,3,8.6531,8.48,6.1449,1.4082,1.66,1.38,0.2899,0.4,1.0204,0.38,0.12,0.087,0.78,0.5652
S0937_5.txt,5,10.9767,10.7273,8.4286,1.3023,1.5455,1.2727,0.1786,0.2273,1.0233,0.2045,0.2727,0.2143,1.0455,0.8214
S0938_7.txt,7,14.0727,13.5789,8.6,1.6364,1.9474,1.5789,0.3222,0.5088,1.0364,0.4211,0.3684,0.2333,1.6667,1.0556
S0939_9.txt,9,16.3529,14.8929,8.7789,1.8627,2.0357,1.6964,0.3684,0.625,1.098,0.4821,0.4464,0.2632,1.8393,1.0842
S0940_12.txt,12,20.75,18.0435,9.4318,2.2,2.3696,1.913,0.3864,0.7391,1.15,0.5435,0.5435,0.2841,1.9348,1.0114
S0941_3.txt,3,7.8226,7.9508,6.2179,1.2581,1.5082,1.2787,0.1923,0.2459,0.9839,0.2131,0.082,0.0641,0.8852,0.6923
S0942_5.txt,5,11.3231,11.1515,7.2871,1.5538,1.7424,1.5303,0.3069,0.4697,1.0154,0.4091,0.197,0.1287,1.1212,0.7327
S0943_7.txt,7,14.1846,13.5588,8.6168,1.6462,1.7941,1.5735,0.2991,0.4706,1.0462,0.3529,0.2353,0.1495,1.5441,0.9813
S0944_9.txt,9,17.2308,15.7746,9.4118,1.8308,1.9718,1.6761,0.3613,0.6056,1.0923,0.4225,0.2676,0.1597,1.7887,1.0672
S0945_12.txt,12,26.5063,24.3488,11.6983,2.2658,2.6977,2.0814,0.4525,0.9419,1.0886,0.5465,0.5233,0.2514,3.1047,1.4916
S0946_3.txt,3,8.0952,8.6441,7.7273,1.0476,1.4237,1.1186,0.1364,0.1525,0.9365,0.1356,0.2712,0.2424,0.8305,0.7424
S0947_5.txt,5,11.0167,11.5965,8.9324,1.2333,1.7193,1.2982,0.2703,0.3509,0.95,0.2632,0.4211,0.3243,1.2456,0.9595
S0948_7.txt,7,13.8889,15,10.274,1.3519,1.86,1.46,0.3151,0.46,0.9259,0.32,0.74,0.5068,1.64,1.1233
S0949_9.txt,9,15.6863,17.0213,10.1266,1.549,2.1277,1.6809,0.3671,0.617,0.9216,0.4468,0.766,0.4557,1.9574,1.1646
S0950_12.txt,12,19.9722,21.1471,10.8939,1.8333,2.5882,1.9412,0.4848,0.9412,0.9444,0.6176,0.9412,0.4848,2.5882,1.3333
S0951_3.txt,3,8.6531,9.0213,7.8519,1.102,1.4043,1.1489,0.0741,0.0851,0.9592,0.1064,0.1064,0.0926,0.8085,0.7037
S0952_5.txt,5,11.8475,11.8475,8.5244,1.3898,1.7627,1.3898,0.2317,0.322,1,0.2712,0.1695,0.122,1.2542,0.9024
S0953_7.txt,7,15.1404,14.6271,9.2796,1.6316,2.2203,1.5763,0.3011,0.4746,1.0351,0.4068,0.2542,0.1613,1.5763,1
S0954_9.txt,9,18.6735,17.5962,9.433,1.9796,2.6923,1.8654,0.3711,0.6923,1.0612,0.5192,0.2885,0.1546,1.9423,1.0412
S0955_12.txt,12,20.1765,19.4151,10.1881,1.9804,2.8113,1.9057,0.3564,0.6792,1.0392,0.434,0.3208,0.1683,2.1509,1.1287
S0956_3.txt,3,8.5244,8.5244,6.4722,1.3171,1.8902,1.3171,0.2315,0.3049,1,0.2805,0.122,0.0926,0.7561,0.5741
S0957_5.txt,5,11.7656,11.5846,7.9263,1.4844,2.0769,1.4615,0.2737,0.4,1.0156,0.3385,0.2923,0.2,1.1538,0.7895
S0958_7.txt,7,15.193,14.4333,8.2476,1.8421,2.5667,1.75,0.4,0.7,1.0526,0.5333,0.35,0.2,1.5833,0.9048
S0959_9.txt,9,19.2727,17.6667,8.8333,2.1818,2.9375,2,0.4583,0.9167,1.0909,0.6042,0.5208,0.2604,2.0417,1.0208
S0960_12.txt,12,22.6111,20.35,9.0444,2.5,3.525,2.25,0.4556,1.025,1.1111,0.55,0.625,0.2778,2.35,1.0444
S0961_3.txt,3,8.6984,8.6984,7.6111,1.1429,1.4444,1.1429,0.1111,0.127,1,0.127,0.0952,0.0833,0.7937,0.6944
S0962_5.txt,5,11.2105,11.2105,9.2609,1.2105,1.6667,1.2105,0.1304,0.1579,1,0.1579,0.2456,0.2029,1.2807,1.058
S0963_7.txt,7,15.2683,14.5581,10.6102,1.439,1.9535,1.3721,0.2203,0.3023,1.0488,0.2558,0.3023,0.2203,1.6279,1.1864
S0964_9.txt,9,18.1515,17.6176,11.5192,1.5758,2.2941,1.5294,0.3077,0.4706,1.0303,0.3529,0.3824,0.25,2.0882,1.3654
S0965_12.txt,12,24.55,21.3478,12.275,2,2.7391,1.7391,0.325,0.5652,1.15,0.4348,0.3478,0.2,2.3478,1.35
S0966_3.txt,3,7.8831,7.9868,7.4938,1.0519,1.2632,1.0658,0.0741,0.0789,0.987,0.0789,0.1447,0.1358,0.8289,0.7778
S0967_5.txt,5,11.0417,11.1972,9.2442,1.1944,1.507,1.2113,0.1628,0.1972,0.9861,0.1831,0.338,0.2791,1.4085,1.1628
S0968_7.txt,7,14.4627,14.0435,11.0114,1.3134,1.5942,1.2754,0.2045,0.2609,1.0299,0.2754,0.4783,0.375,1.8551,1.4545
S0969_9.txt,9,18.1077,16.3472,12.3895,1.4615,1.6806,1.3194,0.2,0.2639,1.1077,0.2778,0.5972,0.4526,2.2083,1.6737
S0970_12.txt,12,21.7229,20.0333,12.5208,1.7349,2.1556,1.6,0.3056,0.4889,1.0843,0.5,0.6889,0.4306,2.6556,1.6597
S0971_3.txt,3,8.4032,8.541,7.137,1.1774,1.2787,1.1967,0.1507,0.1803,0.9839,0.1639,0.1148,0.0959,0.9836,0.8219
S0972_5.txt,5,10.8889,10.8889,8.0548,1.3519,1.5556,1.3519,0.2055,0.2778,1,0.2963,0.1481,0.1096,1.3519,1
S0973_7.txt,7,13.9512,14.3,9.6949,1.439,1.775,1.475,0.2373,0.35,0.9756,0.35,0.2,0.1356,1.825,1.2373
S0974_9.txt,9,16.8788,16.3824,10.3148,1.6364,2,1.5882,0.2778,0.4412,1.0303,0.3824,0.2353,0.1481,2.1471,1.3519
S0975_12.txt,12,20.6923,19.2143,10.9796,1.8846,2.25,1.75,0.3061,0.5357,1.0769,0.4643,0.3214,0.1837,2.6071,1.4898
S0976_3.txt,3,8.9792,8.9792,8.451,1.0625,1.1875,1.0625,0.0392,0.0417,1,0.0417,0.0208,0.0196,1,0.9412
S0977_5.txt,5,11.3684,11.5714,9.6716,1.1754,1.4107,1.1964,0.1642,0.1964,0.9825,0.1786,0.0893,0.0746,1.4286,1.194
S0978_7.txt,7,15.3023,16.0488,11.9636,1.2791,1.561,1.3415,0.2364,0.3171,0.9535,0.2927,0.1951,0.1455,2.1951,1.6364
S0979_9.txt,9,18.5143,19.0588,12.7059,1.4571,1.7647,1.5,0.2941,0.4412,0.9714,0.3824,0.1765,0.1176,2.6765,1.7843
S0980_12.txt,12,25.04,23.1852,14.5581,1.72,1.8889,1.5926,0.3488,0.5556,1.08,0.5185,0.2222,0.1395,3.3704,2.1163
S0981_3.txt,3,8.2075,8.5294,7.5,1.0943,1.4902,1.1373,0.1379,0.1569,0.9623,0.1569,0.098,0.0862,0.8039,0.7069
S0982_5.txt,5,10.9111,11.1591,8.614,1.2667,1.7273,1.2955,0.2105,0.2727,0.9778,0.25,0.2045,0.1579,1,0.7719
S0983_7.txt,7,13.2857,13.95,9.7895,1.3571,2.175,1.425,0.2105,0.3,0.9524,0.275,0.275,0.193,1.55,1.0877
S0984_9.txt,9,16.5714,16.5714,10.5455,1.5714,2.4286,1.5714,0.3091,0.4857,1,0.3714,0.3714,0.2364,1.7714,1.1273
S0985_12.txt,12,24.6667,22.2,13.875,1.7778,2.9,1.6,0.25,0.4,1.1111,0.3,0.35,0.2188,2.4,1.5
S0986_3.txt,3,8.1818,8.1818,5.7143,1.4318,1.8182,1.4318,0.2857,0.4091,1,0.3864,0.0227,0.0159,1.0682,0.746
S0987_5.txt,5,11.4821,11.6909,7.1444,1.6071,2.2,1.6364,0.3667,0.6,0.9821,0.3273,0.0909,0.0556,1.4727,0.9
S0988_7.txt,7,15.4091,15.0667,8.8052,1.75,2.3778,1.7111,0.3766,0.6444,1.0227,0.3333,0.1778,0.1039,2.0444,1.1948
S0989_9.txt,9,18.3077,18.7895,9.1538,2,2.7105,2.0526,0.4359,0.8947,0.9744,0.4474,0.3158,0.1538,2.6316,1.2821
S0990_12.txt,12,25.2963,22.7667,9.3562,2.7037,3.1667,2.4333,0.4795,1.1667,1.1111,0.5667,0.4333,0.1781,3.0667,1.2603
S0991_3.txt,3,8.8043,8.8043,6.75,1.3043,1.6957,1.3043,0.25,0.3261,1,0.3261,0.1087,0.0833,0.7826,0.6
S0992_5.txt,5,11.8596,11.4576,7.4286,1.5965,2.0508,1.5424,0.2747,0.4237,1.0351,0.4068,0.2034,0.1319,1.2034,0.7802
S0993_7.txt,7,15.0638,14.16,8.5301,1.766,2.24,1.66,0.2771,0.46,1.0638,0.44,0.36,0.2169,1.58,0.9518
S0994_9.txt,9,18.6842,16.9048,9.3421,2,2.5476,1.8095,0.3026,0.5476,1.1053,0.5714,0.4048,0.2237,1.8571,1.0263
S0995_12.txt,12,21.3871,18.4167,9.338,2.2903,2.6667,1.9722,0.338,0.6667,1.1613,0.6389,0.4722,0.2394,2.1111,1.0704
S0996_3.txt,3,8.1489,8.1489,7.66,1.0638,1.2553,1.0638,0.1,0.1064,1,0.1064,0.0213,0.02,0.8723,0.82
S0997_5.txt,5,12.1833,11.4219,8.9146,1.3667,1.4688,1.2812,0.1707,0.2188,1.0667,0.1719,0.1875,0.1463,1.375,1.0732
S0998_7.txt,7,15.5254,14.0923,9.5417,1.6271,1.7538,1.4769,0.2917,0.4308,1.1017,0.3538,0.3077,0.2083,1.7231,1.1667
S0999_9.txt,9,18.9574,17.82,10.3605,1.8298,2.02,1.72,0.3721,0.64,1.0638,0.5,0.44,0.2558,2.26,1.314
S1000_12.txt,12,27.9643,21.75,11.3478,2.4643,2.3333,1.9167,0.4203,0.8056,1.2857,0.5833,0.5833,0.3043,2.75,1.4348
S1001_3.txt,3,7.6349,7.6349,6.971,1.0952,1.2222,1.0952,0.087,0.0952,1,0.0794,0.1587,0.1449,0.746,0.6812
S1002_5.txt,5,11.8889,11.5231,9.3625,1.2698,1.5385,1.2308,0.1875,0.2308,1.0317,0.1846,0.2462,0.2,1.2308,1
S1003_7.txt,7,14.2424,13.0556,9.5918,1.4848,1.6528,1.3611,0.2347,0.3194,1.0909,0.25,0.3472,0.2551,1.4861,1.0918
S1004_9.txt,9,18.4727,16.6557,10.6947,1.7273,2.0492,1.5574,0.3053,0.4754,1.1091,0.3279,0.4754,0.3053,2.0164,1.2947
S1005_12.txt,12,21.0667,18.5882,10.4176,2.0222,2.2941,1.7843,0.3187,0.5686,1.1333,0.4118,0.6078,0.3407,2.2353,1.2527
S1006_3.txt,3,8.6939,8.875,6.4545,1.3469,1.5625,1.375,0.1818,0.25,0.9796,0.2083,0.1042,0.0758,0.7292,0.5303
S1007_5.txt,5,11.6833,11.4918,8.1512,1.4333,1.8033,1.4098,0.2326,0.3279,1.0167,0.3115,0.2459,0.1744,1.1148,0.7907
S1008_7.txt,7,14.6885,14.9333,9.3333,1.5738,2.15,1.6,0.2812,0.45,0.9836,0.3667,0.3667,0.2292,1.6833,1.0521
S1009_9.txt,9,17.4915,16.918,9.3818,1.8644,2.4754,1.8033,0.3455,0.623,1.0339,0.4754,0.4098,0.2273,2.0328,1.1273
S1010_12.txt,12,18.7969,17.9552,10.3707,1.8125,2.403,1.7313,0.3534,0.6119,1.0469,0.4328,0.4627,0.2672,2.3731,1.3707
S1011_3.txt,3,8.9455,9.1111,7.0286,1.2727,1.5185,1.2963,0.2429,0.3148,0.9818,0.2963,0.1296,0.1,0.9815,0.7571
S1012_5.txt,5,11.5161,11.7049,8.6024,1.3387,1.541,1.3607,0.2289,0.3115,0.9839,0.3115,0.2131,0.1566,1.459,1.0723
S1013_7.txt,7,15.0847,14.8333,9.2708,1.6271,1.8333,1.6,0.3229,0.5167,1.0169,0.3833,0.3333,0.2083,1.7833,1.1146
S1014_9.txt,9,18.7818,18.4464,10.0291,1.8727,2.1071,1.8393,0.3981,0.7321,1.0182,0.4821,0.4107,0.2233,2.2321,1.2136
S1015_12.txt,12,20.3704,21.1538,10.6796,1.9074,2.3077,1.9808,0.3786,0.75,0.963,0.5962,0.5962,0.301,2.6538,1.3398
S1016_3.txt,3,8.4921,8.4921,6.9481,1.2222,1.4286,1.2222,0.1429,0.1746,1,0.1746,0.1429,0.1169,0.746,0.6104
S1017_5.txt,5,11.6885,11.8833,8.2907,1.4098,1.8,1.4333,0.2209,0.3167,0.9836,0.2667,0.1833,0.1279,1.2,0.8372
S1018_7.txt,7,14.2623,14.2623,10.4819,1.3607,1.7377,1.3607,0.241,0.3279,1,0.2623,0.2623,0.1928,1.459,1.0723
S1019_9.txt,9,17.9574,16.88,10.961,1.6383,1.96,1.54,0.2857,0.44,1.0638,0.34,0.32,0.2078,1.72,1.1169
S1020_12.txt,12,22.1667,19.4634,12.0909,1.8333,2.0976,1.6098,0.3182,0.5122,1.1389,0.3902,0.4146,0.2576,1.9756,1.2273
S1021_3.txt,3,9.0164,9.1667,7.7465,1.1639,1.4333,1.1833,0.2113,0.25,0.9836,0.2167,0.1333,0.1127,0.8167,0.6901
S1022_5.txt,5,12.4643,12.2456,7.9318,1.5714,1.8246,1.5439,0.3409,0.5263,1.0179,0.3684,0.1579,0.1023,1.2456,0.8068
S1023_7.txt,7,14.2,13.9216,9.4667,1.5,1.8235,1.4706,0.3467,0.5098,1.02,0.3529,0.2353,0.16,1.451,0.9867
S1024_9.txt,9,16.7561,15.9767,9.9565,1.6829,2.0233,1.6047,0.3478,0.5581,1.0488,0.3721,0.3953,0.2464,1.6279,1.0145
S1025_12.txt,12,20.6667,18.9444,9.8841,2.0909,2.3333,1.9167,0.3913,0.75,1.0909,0.4444,0.5833,0.3043,2.0278,1.058
S1026_3.txt,3,8.2941,8.2941,7.1695,1.1569,1.4902,1.1569,0.1525,0.1765,1,0.1765,0.1961,0.1695,0.6667,0.5763
S1027_5.txt,5,11.9123,12.125,9.7,1.2281,1.6429,1.25,0.1571,0.1964,0.9825,0.1786,0.375,0.3,1.0893,0.8714
S1028_7.txt,7,15.6786,15.4035,10.2093,1.5357,1.9825,1.5088,0.2791,0.4211,1.0179,0.3684,0.4211,0.2791,1.5439,1.0233
S1029_9.txt,9,19.7358,18.3509,10.8958,1.8113,2.2456,1.6842,0.3333,0.5614,1.0755,0.5263,0.5439,0.3229,1.8947,1.125
S1030_12.txt,12,21.381,19.2429,10.8629,1.9683,2.3143,1.7714,0.3306,0.5857,1.1111,0.5,0.5429,0.3065,2.0429,1.1532
S1031_3.txt,3,9.3137,9.3137,7.4219,1.2549,1.8431,1.2549,0.1875,0.2353,1,0.2157,0.098,0.0781,0.9412,0.75
S1032_5.txt,5,12.037,11.6071,8.9041,1.3519,1.9286,1.3036,0.2329,0.3036,1.037,0.2679,0.1429,0.1096,1.3929,1.0685
S1033_7.txt,7,15.9808,15.3889,10.9342,1.4615,2.2037,1.4074,0.3158,0.4444,1.0385,0.3704,0.2593,0.1842,1.8704,1.3289
S1034_9.txt,9,19.14,17.7222,11.3929,1.68,2.4815,1.5556,0.381,0.5926,1.08,0.4444,0.2222,0.1429,2.3333,1.5
S1035_12.txt,12,24.6122,20.4407,12.06,2.0408,2.7797,1.6949,0.41,0.6949,1.2041,0.4746,0.339,0.2,2.7288,1.61
S1036_3.txt,3,8.7083,8.5306,6.3333,1.375,1.4286,1.3469,0.197,0.2653,1.0208,0.2449,0.102,0.0758,1,0.7424
S1037_5.txt,5,11.9655,11.7627,7.8864,1.5172,1.7119,1.4915,0.2386,0.3559,1.0172,0.3051,0.1525,0.1023,1.4407,0.9659
S1038_7.txt,7,15.35,14.619,9.4948,1.6167,1.8413,1.5397,0.268,0.4127,1.05,0.3651,0.2381,0.1546,1.8889,1.2268
S1039_9.txt,9,18.5306,16.8148,10.5581,1.7551,1.9444,1.5926,0.3023,0.4815,1.102,0.4444,0.2778,0.1744,2.1852,1.3721
S1040_12.txt,12,26.125,22,12.1159,2.1562,2.3684,1.8158,0.3768,0.6842,1.1875,0.5526,0.3947,0.2174,2.8421,1.5652
S1041_3.txt,3,9.5532,9.7609,7.2419,1.3191,1.6522,1.3478,0.1774,0.2391,0.9787,0.2391,0.0652,0.0484,1.1957,0.8871
S1042_5.txt,5,11.8431,11.8431,7.6456,1.549,1.8431,1.549,0.2658,0.4118,1,0.3529,0.1961,0.1266,1.4902,0.962
S1043_7.txt,7,15.1316,15.5405,9.7458,1.5526,2.0811,1.5946,0.2881,0.4595,0.9737,0.3243,0.2973,0.1864,2,1.2542
S1044_9.txt,9,18.1429,18.1429,10.4098,1.7429,2.2571,1.7429,0.3443,0.6,1,0.4286,0.3143,0.1803,2.3714,1.3607
S1045_12.txt,12,22.96,22.96,11.2549,2.04,2.72,2.04,0.3922,0.8,1,0.56,0.6,0.2941,3.04,1.4902
S1046_3.txt,3,8.2264,8.2264,7.6491,1.0755,1.2075,1.0755,0.1228,0.1321,1,0.1132,0.2264,0.2105,0.7736,0.7193
S1047_5.txt,5,11.0179,10.8246,9.209,1.1964,1.4737,1.1754,0.209,0.2456,1.0179,0.2281,0.2807,0.2388,1.2281,1.0448
S1048_7.txt,7,15,14.6875,9.9296,1.5106,1.8958,1.4792,0.2958,0.4375,1.0213,0.3542,0.4167,0.2817,1.9583,1.3239
S1049_9.txt,9,17.8049,15.8696,11.0606,1.6098,1.913,1.4348,0.3182,0.4565,1.122,0.3478,0.5,0.3485,2.0435,1.4242
S1050_12.txt,12,20.675,19.6905,11.8143,1.75,2.2143,1.6667,0.3714,0.619,1.05,0.4524,0.5,0.3,2.6667,1.6
S1051_3.txt,3,7.6729,8.2929,7.5321,1.0187,1.1919,1.101,0.1284,0.1414,0.9252,0.1414,0.1212,0.1101,1.0505,0.9541
S1052_5.txt,5,10.3294,11.2564,9.9773,1.0353,1.359,1.1282,0.1818,0.2051,0.9176,0.1795,0.2821,0.25,1.6154,1.4318
S1053_7.txt,7,12.7467,13.8551,10.9885,1.16,1.5652,1.2609,0.2644,0.3333,0.92,0.2754,0.4493,0.3563,2.0725,1.6437
S1054_9.txt,9,14.6,16.0847,12.1667,1.2,1.6271,1.322,0.2821,0.3729,0.9077,0.2881,0.5085,0.3846,2.4576,1.859
S1055_12.txt,12,21.5397,23,13.57,1.5873,2.1356,1.6949,0.42,0.7119,0.9365,0.4915,0.8136,0.48,3.5254,2.08
S1056_3.txt,3,9.1148,9.4237,7.1282,1.2787,1.6102,1.322,0.1923,0.2542,0.9672,0.2373,0.1356,0.1026,1.0847,0.8205
S1057_5.txt,5,12.8689,12.4603,7.7723,1.6557,1.9048,1.6032,0.3366,0.5397,1.0328,0.4921,0.2381,0.1485,1.4921,0.9307
S1058_7.txt,7,14.6812,14.2676,7.9141,1.8551,2.1408,1.8028,0.3828,0.6901,1.029,0.5352,0.2113,0.1172,1.8451,1.0234
S1059_9.txt,9,18.2154,16,7.9463,2.2923,2.3649,2.0135,0.3893,0.7838,1.1385,0.5676,0.2568,0.1275,1.8649,0.9262
S1060_12.txt,12,22.65,19.6957,9.4375,2.4,2.5652,2.087,0.4083,0.8522,1.15,0.5565,0.5391,0.2583,2.6,1.2458
S1061_3.txt,3,8.58,8.7551,6.7031,1.28,1.6122,1.3061,0.1562,0.2041,0.98,0.1633,0.0408,0.0312,1.1633,0.8906
S1062_5.txt,5,11.5167,11.5167,8.0349,1.4333,1.8,1.4333,0.2209,0.3167,1,0.2167,0.0667,0.0465,1.4333,1
S1063_7.txt,7,14.65,14.8983,9.4516,1.55,2.0678,1.5763,0.3011,0.4746,0.9833,0.2881,0.1864,0.1183,1.8814,1.1935
S1064_9.txt,9,17.5536,17.5536,10.6848,1.6429,2.1607,1.6429,0.3261,0.5357,1,0.3036,0.2679,0.163,2.2679,1.3804
S1065_12.txt,12,20.8654,20.0926,11.7935,1.7692,2.3519,1.7037,0.3804,0.6481,1.0385,0.3889,0.3333,0.1957,2.6667,1.5652
S1066_3.txt,3,8.1552,8.6,7.1667,1.1379,1.3455,1.2,0.1667,0.2,0.9483,0.1818,0.0545,0.0455,1.1091,0.9242
S1067_5.txt,5,10.8906,11.2419,8.2976,1.3125,1.6613,1.3548,0.2262,0.3065,0.9688,0.2742,0.1935,0.1429,1.5806,1.1667
S1068_7.txt,7,14.5833,14.8305,9.8315,1.4833,1.9831,1.5085,0.2472,0.3729,0.9833,0.2881,0.1695,0.1124,2.3051,1.5281
S1069_9.txt,9,17.0833,17.3729,11.1413,1.5333,2.1525,1.5593,0.2826,0.4407,0.9833,0.339,0.2373,0.1522,2.6949,1.7283
S1070_12.txt,12,22.1212,20.2778,11.7742,1.8788,2.4306,1.7222,0.3145,0.5417,1.0909,0.3611,0.3056,0.1774,3.25,1.8871
S1071_3.txt,3,8.4048,8.6098,6.7885,1.2381,1.5366,1.2683,0.1538,0.1951,0.9762,0.1951,0.122,0.0962,0.8293,0.6538
S1072_5.txt,5,11.8868,12.1154,8.2895,1.434,1.7692,1.4615,0.1974,0.2885,0.9811,0.25,0.2885,0.1974,1.3846,0.9474
S1073_7.txt,7,14.6038,13.5789,9.1059,1.6038,1.7895,1.4912,0.2118,0.3158,1.0755,0.2632,0.2807,0.1882,1.614,1.0824
S1074_9.txt,9,17.9348,16.1765,10.7143,1.6739,1.9608,1.5098,0.2208,0.3333,1.1087,0.2745,0.3922,0.2597,2.0392,1.3506
S1075_12.txt,12,22.5429,19.2439,11.6029,1.9429,2.2439,1.6585,0.2059,0.3415,1.1714,0.2927,0.5366,0.3235,2.3902,1.4412
S1076_3.txt,3,8.383,8.383,7.0357,1.1915,1.3617,1.1915,0.1429,0.1702,1,0.1489,0.0426,0.0357,1.234,1.0357
S1077_5.txt,5,11.4808,11.0556,7.96,1.4423,1.6852,1.3889,0.2533,0.3519,1.0385,0.2222,0.1111,0.08,1.5926,1.1467
S1078_7.txt,7,15.5088,14.0317,9.5054,1.6316,1.8889,1.4762,0.2796,0.4127,1.1053,0.3016,0.2063,0.1398,1.9683,1.3333
S1079_9.txt,9,19.102,16.4211,10.0645,1.898,2.1053,1.6316,0.3226,0.5263,1.1633,0.386,0.2807,0.172,2.2632,1.3871
S1080_12.txt,12,19.5455,17.9167,9.6847,2.0182,2.4667,1.85,0.3694,0.6833,1.0909,0.4667,0.3667,0.1982,2.2667,1.2252
S1081_3.txt,3,9.1667,9.5192,7.8571,1.1667,1.3846,1.2115,0.1905,0.2308,0.963,0.2308,0.1346,0.1111,0.9038,0.746
S1082_5.txt,5,12.2,12.2,8.8406,1.38,1.58,1.38,0.2899,0.4,1,0.34,0.2,0.1449,1.48,1.0725
S1083_7.txt,7,15.9487,14.4651,9.5692,1.6667,1.7442,1.5116,0.3385,0.5116,1.1026,0.4419,0.3023,0.2,1.6744,1.1077
S1084_9.txt,9,18.7273,16.7027,9.8095,1.9091,2.0811,1.7027,0.381,0.6486,1.1212,0.5135,0.3243,0.1905,1.973,1.1587
S1085_12.txt,12,20.84,19.2963,10.6327,1.96,2.2593,1.8148,0.3673,0.6667,1.08,0.5926,0.1852,0.102,2.2963,1.2653
S1086_3.txt,3,8.6383,8.6383,7.25,1.1915,1.4255,1.1915,0.1607,0.1915,1,0.1702,0.234,0.1964,0.6809,0.5714
S1087_5.txt,5,12.3673,12.3673,9.0448,1.3673,1.8571,1.3673,0.2239,0.3061,1,0.2653,0.5306,0.3881,1.4082,1.0299
S1088_7.txt,7,15.1026,15.1026,9.9831,1.5128,2.0513,1.5128,0.3051,0.4615,1,0.4103,0.641,0.4237,1.8462,1.2203
S1089_9.txt,9,16.8235,16.8235,10.7925,1.5588,2.1471,1.5588,0.3396,0.5294,1,0.4706,0.7353,0.4717,1.9706,1.2642
S1090_12.txt,12,26.8421,26.8421,13.7838,1.9474,3.1053,1.9474,0.4595,0.8947,1,0.6842,1.2105,0.6216,3.5263,1.8108
S1091_3.txt,3,7.8654,8.0196,5.9275,1.3269,1.6078,1.3529,0.2174,0.2941,0.9808,0.2157,0.0588,0.0435,0.8431,0.6232
S1092_5.txt,5,10.5741,10.9808,7.2278,1.463,1.75,1.5192,0.3291,0.5,0.963,0.3654,0.1731,0.1139,1.4038,0.9241
S1093_7.txt,7,12.8077,12.566,8.4304,1.5192,1.7547,1.4906,0.3165,0.4717,1.0192,0.3585,0.3208,0.2152,1.5472,1.038
S1094_9.txt,9,15.6279,15.2727,9.2055,1.6977,1.8636,1.6591,0.3425,0.5682,1.0233,0.4773,0.3636,0.2192,2.0227,1.2192
S1095_12.txt,12,23.6207,22.0968,10.3788,2.2759,2.4839,2.129,0.4091,0.871,1.069,0.5484,0.7097,0.3333,3.0323,1.4242
S1096_3.txt,3,8.3818,8.537,6.6812,1.2545,1.537,1.2778,0.2174,0.2778,0.9818,0.2593,0.1111,0.087,0.6481,0.5072
S1097_5.txt,5,11.7353,11.5652,7.6,1.5441,1.8261,1.5217,0.3048,0.4638,1.0147,0.3913,0.1014,0.0667,1.1884,0.781
S1098_7.txt,7,14.4062,14.1846,8.6168,1.6719,2.0615,1.6462,0.3458,0.5692,1.0156,0.3692,0.2308,0.1402,1.6308,0.9907
S1099_9.txt,9,16.9016,16.1094,9.1239,1.8525,2.3125,1.7656,0.3894,0.6875,1.0492,0.4531,0.2812,0.1593,1.875,1.0619
S1100_12.txt,12,22.5,20.1493,10.6299,2.1167,2.5821,1.8955,0.4094,0.7761,1.1167,0.5522,0.3731,0.1969,2.403,1.2677
S1101_3.txt,3,8.75,8.9091,6.8056,1.2857,1.4,1.3091,0.2083,0.2727,0.9821,0.2545,0.0545,0.0417,0.8364,0.6389
S1102_5.txt,5,12.0784,12.0784,8.1053,1.4902,1.6275,1.4902,0.2895,0.4314,1,0.4314,0.0784,0.0526,1.2549,0.8421
S1103_7.txt,7,15,15,8.9062,1.6842,1.8158,1.6842,0.3594,0.6053,1,0.5,0.1579,0.0938,1.7632,1.0469
S1104_9.txt,9,18.3125,16.7429,9.3016,1.9688,2,1.8,0.3968,0.7143,1.0938,0.5143,0.1429,0.0794,1.8857,1.0476
S1105_12.txt,12,24.9565,21.2593,9.5667,2.6087,2.5556,2.2222,0.4833,1.0741,1.1739,0.8148,0.1852,0.0833,2.4444,1.1
S1106_3.txt,3,9.1081,8.8684,6.74,1.3514,1.5263,1.3158,0.22,0.2895,1.027,0.2895,0.1579,0.12,0.8421,0.64
S1107_5.txt,5,12.3636,11.5745,7.662,1.6136,1.7872,1.5106,0.2958,0.4468,1.0682,0.3404,0.234,0.1549,1.3617,0.9014
S1108_7.txt,7,14.7073,11.8235,8.2603,1.7805,1.7647,1.4314,0.274,0.3922,1.2439,0.3725,0.2353,0.1644,1.4118,0.9863
S1109_9.txt,9,19.0556,15.2444,8.6835,2.1944,2.1333,1.7556,0.3291,0.5778,1.25,0.4889,0.4,0.2278,1.8667,1.0633
S1110_12.txt,12,24.4615,19.875,10.4262,2.3462,2.5,1.9062,0.3443,0.6562,1.2308,0.5312,0.5625,0.2951,2.3125,1.2131
S1111_3.txt,3,9.0435,9.2444,6.303,1.4348,1.5333,1.4667,0.2273,0.3333,0.9783,0.2889,0.1111,0.0758,1,0.6818
S1112_5.txt,5,12.1633,12.4167,7.7403,1.5714,1.7917,1.6042,0.2338,0.375,0.9796,0.3333,0.2292,0.1429,1.4583,0.9091
S1113_7.txt,7,14.3571,14.7073,8.375,1.7143,1.9512,1.7561,0.3056,0.5366,0.9762,0.439,0.2683,0.1528,1.9024,1.0833
S1114_9.txt,9,18,19.1613,9.2812,1.9394,2.3226,2.0645,0.3906,0.8065,0.9394,0.5806,0.3871,0.1875,2.4839,1.2031
S1115_12.txt,12,25.3,26.6316,9.5472,2.65,3.2105,2.7895,0.4906,1.3684,0.95,0.7895,0.6842,0.2453,3.5263,1.2642
S1116_3.txt,3,8.0676,8.0676,6.7079,1.2027,1.3243,1.2027,0.191,0.2297,1,0.2297,0.3108,0.2584,0.6081,0.5056
S1117_5.txt,5,10.5152,10.3582,8.2619,1.2727,1.4627,1.2537,0.1786,0.2239,1.0152,0.194,0.4478,0.3571,0.8955,0.7143
S1118_7.txt,7,13.1964,13.4364,9.3544,1.4107,1.7273,1.4364,0.3038,0.4364,0.9821,0.3091,0.5091,0.3544,1.4364,1
S1119_9.txt,9,16.9796,15.1273,10.2716,1.6531,1.7818,1.4727,0.321,0.4727,1.1224,0.3273,0.5091,0.3457,1.7455,1.1852
S1120_12.txt,12,20.3396,16.8438,11.5914,1.7547,1.8906,1.4531,0.3118,0.4531,1.2075,0.3594,0.5,0.3441,2.0781,1.4301
S1121_3.txt,3,8.3529,8.3529,6.9836,1.1961,1.4902,1.1961,0.1639,0.1961,1,0.1765,0.098,0.082,0.7059,0.5902
S1122_5.txt,5,11.5686,11.3462,7.1951,1.6078,1.9231,1.5769,0.3537,0.5577,1.0196,0.4423,0.1154,0.0732,1.1923,0.7561
S1123_7.txt,7,15.7381,14.6889,8.5844,1.8333,2.2222,1.7111,0.3636,0.6222,1.0714,0.4667,0.2444,0.1429,1.6444,0.961
S1124_9.txt,9,17.6585,16.4545,9.6533,1.8293,2.25,1.7045,0.36,0.6136,1.0732,0.4773,0.3182,0.1867,2.0227,1.1867
S1125_12.txt,12,21.1702,19.1346,10.0505,2.1064,2.3077,1.9038,0.4242,0.8077,1.1064,0.5385,0.2692,0.1414,2.5577,1.3434
S1126_3.txt,3,17.3571,16.2,9.5921,1.8095,2.2222,1.6889,0.3553,0.6,1.0714,0.4667,0.3111,0.1842,2,1.1842
S1127_5.txt,5,12.0526,12.0526,7.5495,1.5965,1.9123,1.5965,0.3077,0.4912,1,0.386,0.3509,0.2198,1.4912,0.9341
S1128_7.txt,7,14.8983,14.4098,7.7105,1.9322,2.1311,1.8689,0.4035,0.7541,1.0339,0.5574,0.4426,0.2368,2.0328,1.0877
S1129_9.txt,9,17.3393,17.0351,8.5929,2.0179,2.3333,1.9825,0.4336,0.8596,1.0179,0.614,0.5789,0.292,2.3158,1.1681
S1130_12.txt,12,21.9348,19.7843,8.6983,2.5217,2.7255,2.2745,0.4741,1.0784,1.1087,0.6471,0.5686,0.25,2.8824,1.2672
S1131_3.txt,3,9.025,9.7568,8.3953,1.075,1.3784,1.1622,0.1628,0.1892,0.925,0.1892,0.0541,0.0465,1.1081,0.9535
S1132_5.txt,5,11.551,12.3043,9.4333,1.2245,1.6739,1.3043,0.1667,0.2174,0.9388,0.2174,0.1522,0.1167,1.3696,1.05
S1133_7.txt,7,15.4722,17.4062,11.14,1.3889,2.125,1.5625,0.26,0.4062,0.8889,0.2812,0.375,0.24,2.0625,1.32
S1134_9.txt,9,19.25,19.963,13.475,1.4286,2.0741,1.4815,0.25,0.3704,0.9643,0.2593,0.4074,0.275,2.5556,1.725
S1135_12.txt,12,27.2105,24.619,14.7714,1.8421,2.381,1.6667,0.3714,0.619,1.1053,0.4762,0.5238,0.3143,3.3333,2
S1136_3.txt,3,8.3137,8.48,6.7302,1.2353,1.7,1.26,0.1905,0.24,0.9804,0.22,0.1,0.0794,0.62,0.4921
S1137_5.txt,5,11.5581,11.8333,7.5303,1.5349,2.0952,1.5714,0.3485,0.5476,0.9767,0.4286,0.2381,0.1515,1.1429,0.7273
S1138_7.txt,7,15.3824,14.5278,8.8644,1.7353,2.3889,1.6389,0.3559,0.5833,1.0588,0.3611,0.3611,0.2203,1.5556,0.9492
S1139_9.txt,9,17.963,16.1667,9.3269,1.9259,2.7333,1.7333,0.3654,0.6333,1.1111,0.4,0.4333,0.25,1.6667,0.9615
S1140_12.txt,12,21.4545,20.5217,9.8333,2.1818,3.3043,2.087,0.4583,0.9565,1.0455,0.6087,0.6087,0.2917,2.2609,1.0833
S1141_3.txt,3,9.1364,9.1364,7.1786,1.2727,1.6818,1.2727,0.25,0.3182,1,0.2955,0.0455,0.0357,1.3182,1.0357
S1142_5.txt,5,11.614,11.4138,8.1728,1.4211,1.7931,1.3966,0.284,0.3966,1.0175,0.3103,0.2069,0.1481,1.569,1.1235
S1143_7.txt,7,15.0755,14.0175,8.7802,1.717,1.9825,1.5965,0.2967,0.4737,1.0755,0.3684,0.3158,0.1978,1.8947,1.1868
S1144_9.txt,9,17.5957,16.2157,8.8925,1.9787,2.2745,1.8235,0.3333,0.6078,1.0851,0.3725,0.3333,0.1828,2.1373,1.172
S1145_12.txt,12,22.973,19.7674,9.3407,2.4595,2.6977,2.1163,0.3516,0.7442,1.1622,0.3953,0.3721,0.1758,2.6744,1.2637
S1146_3.txt,3,8.0656,8.0656,7.2353,1.1148,1.3115,1.1148,0.1324,0.1475,1,0.1311,0.0984,0.0882,0.9016,0.8088
S1147_5.txt,5,10.7826,10.6286,8.7529,1.2319,1.4571,1.2143,0.2118,0.2571,1.0145,0.2429,0.1286,0.1059,1.3429,1.1059
S1148_7.txt,7,14.2903,13.6308,10.1839,1.4032,1.6462,1.3385,0.2759,0.3692,1.0484,0.3385,0.3231,0.2414,1.5846,1.1839
S1149_9.txt,9,17.7778,16.5517,10.6667,1.6667,1.9655,1.5517,0.3667,0.569,1.0741,0.4655,0.3621,0.2333,2.1552,1.3889
S1150_12.txt,12,18.3538,17.5441,10.5575,1.7385,2.0588,1.6618,0.4071,0.6765,1.0462,0.4706,0.3824,0.2301,2.2206,1.3363
S1151_3.txt,3,9.3696,9.3696,7.6964,1.2174,1.6087,1.2174,0.1429,0.1739,1,0.1739,0.087,0.0714,0.9783,0.8036
S1152_5.txt,5,12.4364,12.4364,9.5,1.3091,1.5636,1.3091,0.2222,0.2909,1,0.2545,0.1818,0.1389,1.5636,1.1944
S1153_7.txt,7,15.9565,15.9565,10.7941,1.4783,1.8478,1.4783,0.2941,0.4348,1,0.3913,0.3478,0.2353,2.1957,1.4853
S1154_9.txt,9,19.1351,19.6667,11.2381,1.7027,2.1944,1.75,0.3651,0.6389,0.973,0.5,0.4722,0.2698,2.7222,1.5556
S1155_12.txt,12,32.7059,30.8889,13.561,2.4118,3.1667,2.2778,0.5122,1.1667,1.0588,0.8889,0.7778,0.3415,4.3333,1.9024
S1156_3.txt,3,8.7778,8.9014,7.7073,1.1389,1.3803,1.1549,0.1463,0.169,0.9861,0.1408,0.0563,0.0488,1.0141,0.878
S1157_5.txt,5,12.7121,12.3382,9.427,1.3485,1.5294,1.3088,0.236,0.3088,1.0303,0.2206,0.3676,0.2809,1.3971,1.0674
S1158_7.txt,7,16.8644,16.3115,10.5851,1.5932,1.9016,1.541,0.3511,0.541,1.0339,0.377,0.5082,0.3298,1.9016,1.234
S1159_9.txt,9,19.9259,19.2143,12.9639,1.537,1.9107,1.4821,0.3494,0.5179,1.037,0.3571,0.6607,0.4458,2.4464,1.6506
S1160_12.txt,12,24.1136,21.6531,13.6026,1.7727,2.102,1.5918,0.3974,0.6327,1.1136,0.4898,0.6939,0.4359,2.6531,1.6667
S1161_3.txt,3,8.75,8.75,6.0667,1.4423,1.6731,1.4423,0.2,0.2885,1,0.2692,0.2115,0.1467,0.9808,0.68
S1162_5.txt,5,11.2031,11.2031,7.2424,1.5469,1.6875,1.5469,0.1717,0.2656,1,0.2656,0.375,0.2424,1.3125,0.8485
S1163_7.txt,7,13.5968,12.9692,8.1058,1.6774,1.7385,1.6,0.2019,0.3231,1.0484,0.2615,0.4154,0.2596,1.5077,0.9423
S1164_9.txt,9,16.6458,15.6667,8.8778,1.875,2,1.7647,0.2667,0.4706,1.0625,0.4118,0.5294,0.3,1.9608,1.1111
S1165_12.txt,12,17.1707,16.3721,8.9114,1.9268,2.1628,1.8372,0.2658,0.4884,1.0488,0.4186,0.4884,0.2658,1.8837,1.0253
S1166_3.txt,3,8.3485,8.3485,6.2614,1.3333,1.6364,1.3333,0.25,0.3333,1,0.2879,0.0758,0.0568,0.7273,0.5455
S1167_5.txt,5,12.5082,12.5082,7,1.7869,2.082,1.7869,0.3578,0.6393,1,0.5082,0.1639,0.0917,1.459,0.8165
S1168_7.txt,7,14.8302,14.2909,8.6374,1.717,2.1818,1.6545,0.3516,0.5818,1.0377,0.4,0.2182,0.1319,1.7091,1.033
S1169_9.txt,9,17.5116,16.7333,8.8588,1.9767,2.3778,1.8889,0.4,0.7556,1.0465,0.5111,0.2889,0.1529,2.0222,1.0706
S1170_12.txt,12,24.9167,23,9.4921,2.625,3.1154,2.4231,0.4921,1.1923,1.0833,0.6538,0.3077,0.127,3.0769,1.2698
S1171_3.txt,3,9.1591,9.1591,7.6038,1.2045,1.5227,1.2045,0.1321,0.1591,1,0.1364,0.0227,0.0189,1.1364,0.9434
S1172_5.txt,5,11.4833,11.678,8.7215,1.3167,1.6271,1.339,0.2152,0.2881,0.9833,0.2542,0.1525,0.1139,1.5424,1.1519
S1173_7.txt,7,14.9216,15.5306,10.5694,1.4118,1.898,1.4694,0.2778,0.4082,0.9608,0.3878,0.2653,0.1806,2.1633,1.4722
S1174_9.txt,9,17.2045,17.6047,12.6167,1.3636,1.8605,1.3953,0.2667,0.3721,0.9773,0.3256,0.3721,0.2667,2.4651,1.7667
S1175_12.txt,12,28.84,25.75,16.3864,1.76,2.3571,1.5714,0.2955,0.4643,1.12,0.3571,0.4643,0.2955,3.8214,2.4318
S1176_3.txt,3,8.6939,8.6939,6.871,1.2653,1.6327,1.2653,0.2097,0.2653,1,0.2653,0.1633,0.129,0.8571,0.6774
S1177_5.txt,5,11.5439,11.75,8.5455,1.3509,1.7857,1.375,0.2468,0.3393,0.9825,0.3214,0.2143,0.1558,1.3214,0.961
S1178_7.txt,7,15,15,9.2169,1.6275,2.0784,1.6275,0.3133,0.5098,1,0.4118,0.2745,0.1687,1.7451,1.0723
S1179_9.txt,9,18.4634,16.8222,10.0933,1.8293,2.2,1.6667,0.32,0.5333,1.0976,0.4444,0.3333,0.2,1.9556,1.1733
S1180_12.txt,12,24.0323,20.6944,11.1194,2.1613,2.6111,1.8611,0.3582,0.6667,1.1613,0.5278,0.3889,0.209,2.5556,1.3731
S1181_3.txt,3,8.3846,8.2576,5.8602,1.4308,1.5758,1.4091,0.2688,0.3788,1.0154,0.3636,0.0606,0.043,1.0303,0.7312
S1182_5.txt,5,11.9508,11.5714,7.0096,1.7049,1.8413,1.6508,0.3269,0.5397,1.0328,0.4286,0.0952,0.0577,1.4921,0.9038
S1183_7.txt,7,14.7969,15.0317,7.8917,1.875,2.2381,1.9048,0.4,0.7619,0.9844,0.4921,0.2063,0.1083,1.7619,0.925
S1184_9.txt,9,17.4483,15.8125,8.5042,2.0517,2.2188,1.8594,0.3697,0.6875,1.1034,0.4844,0.2188,0.1176,1.8281,0.9832
S1185_12.txt,12,22.4697,20.5972,9.7566,2.303,2.5417,2.1111,0.4408,0.9306,1.0909,0.5417,0.3472,0.1645,2.2639,1.0724
S1186_3.txt,3,8.5556,8.717,6.7941,1.2593,1.4151,1.283,0.1765,0.2264,0.9815,0.2264,0.1132,0.0882,0.9811,0.7647
S1187_5.txt,5,11.2769,11.6349,8.1444,1.3846,1.6984,1.4286,0.1889,0.2698,0.9692,0.2698,0.2063,0.1444,1.3016,0.9111
S1188_7.txt,7,14.7143,14.4844,9.1782,1.6032,1.9062,1.5781,0.2178,0.3438,1.0159,0.3125,0.3594,0.2277,1.6094,1.0198
S1189_9.txt,9,18,17.6842,9.4206,1.9107,2.2105,1.8772,0.3084,0.5789,1.0179,0.4737,0.4561,0.243,2.2105,1.1776
S1190_12.txt,12,23.0741,22.6545,10.2975,2.2407,2.8545,2.2,0.3388,0.7455,1.0185,0.5455,0.5091,0.2314,2.8909,1.314
S1191_3.txt,3,9.0152,9.0152,6.7614,1.3333,1.6212,1.3333,0.2045,0.2727,1,0.2424,0.1212,0.0909,0.7727,0.5795
S1192_5.txt,5,11.5405,11.6986,8.4554,1.3649,1.8219,1.3836,0.2376,0.3288,0.9865,0.274,0.2055,0.1485,1.3151,0.9505
S1193_7.txt,7,14.8413,15.0806,9.5408,1.5556,2.0968,1.5806,0.3367,0.5323,0.9841,0.4194,0.3226,0.2041,1.9355,1.2245
S1194_9.txt,9,18.5962,18.2453,10.2872,1.8077,2.4906,1.7736,0.3936,0.6981,1.0192,0.5283,0.4151,0.234,2.3585,1.3298
S1195_12.txt,12,22.2821,20.2093,10.5976,2.1026,2.7907,1.907,0.4146,0.7907,1.1026,0.5814,0.4186,0.2195,2.5581,1.3415
S1196_3.txt,3,8.2564,8.2564,6.2524,1.3205,1.4872,1.3205,0.2816,0.3718,1,0.3333,0.1282,0.0971,1.0128,0.767
S1197_5.txt,5,11.2917,11.137,8.2121,1.375,1.6164,1.3562,0.2727,0.3699,1.0139,0.3151,0.2192,0.1616,1.3973,1.0303
S1198_7.txt,7,13.8333,13.8333,9.7128,1.4242,1.6818,1.4242,0.2766,0.3939,1,0.3182,0.2879,0.2021,1.697,1.1915
S1199_9.txt,9,17.1343,16.4,10.9333,1.5672,1.8857,1.5,0.2762,0.4143,1.0448,0.3571,0.5,0.3333,2,1.3333
S1200_12.txt,12,23.4886,20.4653,11.678,2.0114,2.4059,1.7525,0.339,0.5941,1.1477,0.4554,0.604,0.3446,2.5149,1.435
S1201_3.txt,3,9.1,8.9216,7.7119,1.18,1.3529,1.1569,0.0508,0.0588,1.02,0.0588,0.2549,0.2203,0.8431,0.7288
S1202_5.txt,5,12.4717,11.8036,8.2625,1.5094,1.7143,1.4286,0.2125,0.3036,1.0566,0.25,0.3214,0.225,1.375,0.9625
S1203_7.txt,7,15.383,14.46,8.9259,1.7234,1.88,1.62,0.2963,0.48,1.0638,0.38,0.36,0.2222,1.58,0.9753
S1204_9.txt,9,18.4359,16.7209,9.4605,1.9487,2.093,1.7674,0.3553,0.6279,1.1026,0.4186,0.4651,0.2632,2.0698,1.1711
S1205_12.txt,12,22.2903,20.9394,9.2133,2.4194,2.6667,2.2727,0.44,1,1.0645,0.5758,0.6061,0.2667,2.7576,1.2133
S1206_3.txt,3,9.1458,9.1458,7.4407,1.2292,1.5417,1.2292,0.1186,0.1458,1,0.1458,0.0833,0.0678,0.9792,0.7966
S1207_5.txt,5,12.0392,12.28,8.5278,1.4118,1.82,1.44,0.1667,0.24,0.9804,0.22,0.12,0.0833,1.48,1.0278
S1208_7.txt,7,15.1463,15.525,9.8571,1.5366,2.05,1.575,0.254,0.4,0.9756,0.35,0.225,0.1429,1.775,1.127
S1209_9.txt,9,17.8235,16.8333,10.2712,1.7353,2.2778,1.6389,0.2712,0.4444,1.0588,0.3056,0.25,0.1525,2.0278,1.2373
S1210_12.txt,12,22.7083,20.9615,10.4808,2.1667,2.7692,2,0.2885,0.5769,1.0833,0.3846,0.3077,0.1538,2.6923,1.3462
S1211_3.txt,3,9.1053,9.1053,6.7403,1.3509,1.6667,1.3509,0.2597,0.3509,1,0.3158,0.0702,0.0519,1.0351,0.7662
S1212_5.txt,5,11.5667,11.5667,7.5435,1.5333,1.85,1.5333,0.2935,0.45,1,0.35,0.1167,0.0761,1.3,0.8478
S1213_7.txt,7,14.2857,14.0625,8.2569,1.7302,2.0781,1.7031,0.367,0.625,1.0159,0.4531,0.2344,0.1376,1.7188,1.0092
S1214_9.txt,9,17.4182,17.1071,9.1238,1.9091,2.4107,1.875,0.4,0.75,1.0182,0.4821,0.3214,0.1714,2.0536,1.0952
S1215_12.txt,12,28.3667,25.7879,10.6375,2.6667,3.3333,2.4242,0.4875,1.1818,1.1,0.6667,0.5152,0.2125,3.1212,1.2875
S1216_3.txt,3,8.5333,8.5333,8.8276,0.9667,1.0333,0.9667,0,0,1,0,0.0333,0.0345,0.9333,0.9655
S1217_5.txt,5,11.44,10.5926,9.2258,1.24,1.2593,1.1481,0.1613,0.1852,1.08,0.1481,0.0741,0.0645,1.1852,1.0323
S1218_7.txt,7,14.8182,14.8182,10.5161,1.4091,1.6364,1.4091,0.3226,0.4545,1,0.3636,0.3182,0.2258,1.8636,1.3226
S1219_9.txt,9,17.9474,16.2381,11.7586,1.5263,1.6667,1.381,0.3103,0.4286,1.1053,0.381,0.3333,0.2414,2.1905,1.5862
S1220_12.txt,12,33.4545,30.6667,15.3333,2.1818,2.5833,2,0.4583,0.9167,1.0909,0.75,0.8333,0.4167,4.3333,2.1667
S1221_3.txt,3,8.5263,8.5263,6.5676,1.2982,1.5263,1.2982,0.1757,0.2281,1,0.2281,0.1579,0.1216,1.0175,0.7838
S1222_5.txt,5,10.5634,10.8696,7.5,1.4085,1.6957,1.4493,0.28,0.4058,0.9718,0.3623,0.2174,0.15,1.4348,0.99
S1223_7.txt,7,13.0145,12.6479,8.5524,1.5217,1.8169,1.4789,0.2762,0.4085,1.029,0.3521,0.3099,0.2095,1.6056,1.0857
S1224_9.txt,9,15.8571,15.3692,9.699,1.6349,2.0308,1.5846,0.3107,0.4923,1.0317,0.3846,0.3385,0.2136,2.0462,1.2913
S1225_12.txt,12,21.2292,18.8704,10.2929,2.0625,2.3704,1.8333,0.404,0.7407,1.125,0.463,0.4074,0.2222,2.5741,1.404
S1226_3.txt,3,8.5098,8.8571,7.75,1.098,1.3673,1.1429,0.125,0.1429,0.9608,0.1429,0.2041,0.1786,0.9184,0.8036
S1227_5.txt,5,11.9818,12.434,9.8358,1.2182,1.717,1.2642,0.1493,0.1887,0.9636,0.1698,0.4528,0.3582,1.6226,1.2836
S1228_7.txt,7,15.1864,14.9333,11.4872,1.322,1.9,1.3,0.2051,0.2667,1.0169,0.2333,0.4667,0.359,1.8167,1.3974
S1229_9.txt,9,17.6939,16.0556,12.0417,1.4694,1.9444,1.3333,0.2083,0.2778,1.102,0.2407,0.5185,0.3889,1.963,1.4722
S1230_12.txt,12,26.0333,22.3143,14.463,1.8,2.4857,1.5429,0.2593,0.4,1.1667,0.3429,0.9143,0.5926,2.8857,1.8704
S1231_3.txt,3,8.2308,8.2308,7.3793,1.1154,1.3462,1.1154,0.1034,0.1154,1,0.1154,0.0769,0.069,0.7308,0.6552
S1232_5.txt,5,11.1406,11.5,8.4881,1.3125,1.8226,1.3548,0.2024,0.2742,0.9688,0.2742,0.1613,0.119,1.0645,0.7857
S1233_7.txt,7,15.1176,14.2778,8.8621,1.7059,2.1481,1.6111,0.3103,0.5,1.0588,0.463,0.1852,0.1149,1.5741,0.977
S1234_9.txt,9,18.6279,17.0426,9.1023,2.0465,2.4681,1.8723,0.3409,0.6383,1.093,0.5319,0.3191,0.1705,1.9787,1.0568
S1235_12.txt,12,24.8438,22.0833,10.3247,2.4062,2.9167,2.1389,0.4286,0.9167,1.125,0.6667,0.5833,0.2727,2.7222,1.2727
S1236_3.txt,3,8.8852,9.0333,7.7429,1.1475,1.3333,1.1667,0.1143,0.1333,0.9836,0.1167,0.0333,0.0286,0.9667,0.8286
S1237_5.txt,5,11.2059,11.5455,8.3736,1.3382,1.6818,1.3788,0.2637,0.3636,0.9706,0.3333,0.0606,0.044,1.2879,0.9341
S1238_7.txt,7,15.3607,15.1129,9.5612,1.6066,1.9355,1.5806,0.3265,0.5161,1.0164,0.3871,0.2097,0.1327,1.6774,1.0612
S1239_9.txt,9,18.1053,16.918,9.9231,1.8246,2.0984,1.7049,0.375,0.6393,1.0702,0.4098,0.2623,0.1538,2.0984,1.2308
S1240_12.txt,12,16.6824,16.6824,9.9859,1.6706,2,1.6706,0.3451,0.5765,1,0.3529,0.2941,0.1761,1.9765,1.1831
S1241_3.txt,3,9.2143,9.3818,6.88,1.3393,1.6545,1.3636,0.28,0.3818,0.9821,0.2909,0.0364,0.0267,0.9091,0.6667
S1242_5.txt,5,11.85,12.0508,8.5663,1.3833,1.7119,1.4068,0.2892,0.4068,0.9833,0.3559,0.1695,0.1205,1.322,0.9398
S1243_7.txt,7,15.8361,15.0938,9.9588,1.5902,1.8906,1.5156,0.3299,0.5,1.0492,0.4219,0.3125,0.2062,1.8125,1.1959
S1244_9.txt,9,18.2407,17.5893,11.1932,1.6296,2,1.5714,0.2955,0.4643,1.037,0.3393,0.4821,0.3068,2.1786,1.3864
S1245_12.txt,12,20.7209,19.8,12.2055,1.6977,2.2444,1.6222,0.3014,0.4889,1.0465,0.3556,0.3778,0.2329,2.8444,1.7534
S1246_3.txt,3,8.4,8.2174,7,1.2,1.4565,1.1739,0.1852,0.2174,1.0222,0.2174,0.0652,0.0556,0.7826,0.6667
S1247_5.txt,5,11.9825,11.3833,8.6456,1.386,1.8,1.3167,0.2025,0.2667,1.0526,0.2333,0.1667,0.1266,1.2,0.9114
S1248_7.txt,7,15.3684,14.3607,9.4194,1.6316,2.1803,1.5246,0.2581,0.3934,1.0702,0.2951,0.2459,0.1613,1.6393,1.0753
S1249_9.txt,9,20.0204,17.8364,10.3263,1.9388,2.6182,1.7273,0.3053,0.5273,1.1224,0.4,0.4,0.2316,1.9818,1.1474
S1250_12.txt,12,21.5821,15.5484,8.6587,2.4925,2.4946,1.7957,0.3174,0.5699,1.3881,0.4624,0.2903,0.1617,1.8172,1.012
S1251_3.txt,3,8.6852,8.6852,6.6056,1.3148,1.4074,1.3148,0.2535,0.3333,1,0.2407,0.037,0.0282,0.8889,0.6761
S1252_5.txt,5,11.9167,12.1702,7.8356,1.5208,1.7447,1.5532,0.3151,0.4894,0.9792,0.2979,0.2979,0.1918,1.4043,0.9041
S1253_7.txt,7,15.3421,14.9487,8.3286,1.8421,2.0256,1.7949,0.3857,0.6923,1.0263,0.4615,0.3333,0.1857,1.7692,0.9857
S1254_9.txt,9,18.3548,16.7353,7.7945,2.3548,2.3529,2.1471,0.4521,0.9706,1.0968,0.6765,0.3529,0.1644,2.0294,0.9452
S1255_12.txt,12,20.2963,18.8966,7.942,2.5556,2.6207,2.3793,0.5072,1.2069,1.0741,0.7241,0.3448,0.1449,2.3793,1
S1256_3.txt,3,9.0833,9.0833,7.5172,1.2083,1.3958,1.2083,0.2069,0.25,1,0.2083,0.0625,0.0517,1.1458,0.9483
S1257_5.txt,5,11.8364,11.8364,9.0417,1.3091,1.6909,1.3091,0.2222,0.2909,1,0.2364,0.1455,0.1111,1.4182,1.0833
S1258_7.txt,7,15.1915,15.8667,9.9167,1.5319,2.1778,1.6,0.2917,0.4667,0.9574,0.3111,0.2222,0.1389,2.0222,1.2639
S1259_9.txt,9,19.2778,19.8286,10.6769,1.8056,2.6,1.8571,0.3385,0.6286,0.9722,0.4,0.3429,0.1846,2.5143,1.3538
S1260_12.txt,12,23.1786,24.9615,12.4808,1.8571,2.9231,2,0.3269,0.6538,0.9286,0.4231,0.4615,0.2308,3.2692,1.6346
S1261_3.txt,3,8.9767,9.4146,7.0182,1.2791,1.5122,1.3415,0.2364,0.3171,0.9535,0.2927,0.0488,0.0364,1.0244,0.7636
S1262_5.txt,5,12.1176,12.36,8.3514,1.451,1.9,1.48,0.3243,0.48,0.9804,0.38,0.18,0.1216,1.7,1.1486
S1263_7.txt,7,15.6964,15.4211,9.5543,1.6429,2.0702,1.614,0.3587,0.5789,1.0179,0.3509,0.3158,0.1957,2.1053,1.3043
S1264_9.txt,9,17.8036,17.4912,10.0707,1.7679,2.2456,1.7368,0.3636,0.6316,1.0179,0.4035,0.3684,0.2121,2.6667,1.5354
S1265_12.txt,12,25.878,24.6744,11.1684,2.3171,2.9767,2.2093,0.4737,1.0465,1.0488,0.5814,0.4884,0.2211,3.9767,1.8
S1266_3.txt,3,9.1463,8.9286,6.9444,1.3171,1.7381,1.2857,0.2593,0.3333,1.0244,0.3095,0.0714,0.0556,0.6667,0.5185
S1267_5.txt,5,13.102,12.84,7.8293,1.6735,2.08,1.64,0.3659,0.6,1.0204,0.42,0.24,0.1463,1.38,0.8415
S1268_7.txt,7,14.85,14.6066,9.4787,1.5667,2.0328,1.541,0.3404,0.5246,1.0167,0.4754,0.2131,0.1383,1.7869,1.1596
S1269_9.txt,9,17.5536,16.9483,10.5699,1.6607,2.2759,1.6034,0.3763,0.6034,1.0357,0.4655,0.2931,0.1828,2.1552,1.3441
S1270_12.txt,12,22.7,21.4151,11.5816,1.96,2.6981,1.8491,0.4388,0.8113,1.06,0.5849,0.3585,0.1939,2.7736,1.5
S1271_3.txt,3,8.3654,8.7,6.5909,1.2692,1.52,1.32,0.2273,0.3,0.9615,0.24,0.04,0.0303,1.08,0.8182
S1272_5.txt,5,11.5,11.7018,7.4944,1.5345,1.9123,1.5614,0.3483,0.5439,0.9828,0.4561,0.1053,0.0674,1.5614,1
S1273_7.txt,7,14.7843,14.5,8.7674,1.6863,2.0385,1.6538,0.3837,0.6346,1.0196,0.5,0.3077,0.186,2.1923,1.3256
S1274_9.txt,9,17.1591,17.5581,8.8824,1.9318,2.5814,1.9767,0.4824,0.9535,0.9773,0.7209,0.3023,0.1529,2.7674,1.4
S1275_12.txt,12,24.1724,25.0357,9.3467,2.5862,3.4286,2.6786,0.56,1.5,0.9655,0.8571,0.4643,0.1733,4.3214,1.6133
S1276_3.txt,3,7.8269,7.8269,6.5645,1.1923,1.4038,1.1923,0.129,0.1538,1,0.1538,0.0769,0.0645,1.0192,0.8548
S1277_5.txt,5,10.6515,10.9844,8.1744,1.303,1.625,1.3438,0.2442,0.3281,0.9697,0.2656,0.1094,0.0814,1.4375,1.0698
S1278_7.txt,7,14.1667,13.6,9.8551,1.4375,1.7,1.38,0.2754,0.38,1.0417,0.3,0.08,0.058,1.86,1.3478
S1279_9.txt,9,17.8462,17.4,10.3881,1.7179,2.1,1.675,0.3433,0.575,1.0256,0.45,0.175,0.1045,2.425,1.4478
S1280_12.txt,12,19.9706,17.8684,11.1311,1.7941,2.0789,1.6053,0.3443,0.5526,1.1176,0.3947,0.1579,0.0984,2.4737,1.541
S1281_3.txt,3,7.6418,7.7576,7.1111,1.0746,1.2576,1.0909,0.1111,0.1212,0.9851,0.1212,0.0909,0.0833,0.7576,0.6944
S1282_5.txt,5,10.0411,10.1806,8.4253,1.1918,1.4306,1.2083,0.1954,0.2361,0.9863,0.2361,0.1528,0.1264,1.2778,1.0575
S1283_7.txt,7,13.5,13.2787,10.125,1.3333,1.6557,1.3115,0.25,0.3279,1.0167,0.2951,0.3115,0.2375,1.8361,1.4
S1284_9.txt,9,16,14.5455,10.3896,1.54,1.7273,1.4,0.2987,0.4182,1.1,0.3455,0.4182,0.2987,2.0727,1.4805
S1285_12.txt,12,18.8511,17.0385,11.359,1.6596,1.8654,1.5,0.3462,0.5192,1.1064,0.4038,0.4038,0.2692,2.5385,1.6923
S1286_3.txt,3,8.4103,8.4103,6.6939,1.2564,1.5897,1.2564,0.2041,0.2564,1,0.2564,0.1282,0.102,0.7436,0.5918
S1287_5.txt,5,10.7447,11.2222,7.7692,1.383,1.7778,1.4444,0.2923,0.4222,0.9574,0.4,0.2222,0.1538,1.1333,0.7846
S1288_7.txt,7,13.725,13.725,8.4462,1.625,2.175,1.625,0.3538,0.575,1,0.475,0.25,0.1538,1.7,1.0462
S1289_9.txt,9,16.2941,15.8286,8.9355,1.8235,2.2857,1.7714,0.371,0.6571,1.0294,0.4571,0.2286,0.129,1.8857,1.0645
S1290_12.txt,12,22.64,20.2143,11.32,2,2.7143,1.7857,0.36,0.6429,1.12,0.4286,0.4643,0.26,2.5,1.4
S1291_3.txt,3,8.9118,9.1818,7.575,1.1765,1.4242,1.2121,0.175,0.2121,0.9706,0.2121,0.2727,0.225,1.0909,0.9
S1292_5.txt,5,11.9118,12.2727,9,1.3235,1.6061,1.3636,0.2222,0.303,0.9706,0.2727,0.4242,0.3111,1.4545,1.0667
S1293_7.txt,7,15.3333,14.2381,9.4921,1.6154,1.7857,1.5,0.2698,0.4048,1.0769,0.3571,0.3571,0.2381,1.8095,1.2063
S1294_9.txt,9,18.5625,16.9714,9,2.0625,2.2857,1.8857,0.3788,0.7143,1.0938,0.5143,0.4571,0.2424,2.1714,1.1515
S1295_12.txt,12,18.303,18.875,9.7419,1.8788,2.4375,1.9375,0.3387,0.6562,0.9697,0.5312,0.5625,0.2903,2.4375,1.2581
S1296_3.txt,3,9.3673,9.5625,7.2857,1.2857,1.6042,1.3125,0.1746,0.2292,0.9796,0.2083,0.0625,0.0476,0.9583,0.7302
S1297_5.txt,5,12.7692,12.7692,8.1975,1.5577,2.0577,1.5577,0.1852,0.2885,1,0.2885,0.2115,0.1358,1.2692,0.8148
S1298_7.txt,7,16.2182,15.9286,9.3895,1.7273,2.2857,1.6964,0.2316,0.3929,1.0182,0.3571,0.3036,0.1789,1.7143,1.0105
S1299_9.txt,9,19.587,17.3269,10.1236,1.9348,2.3846,1.7115,0.2472,0.4231,1.1304,0.4038,0.3462,0.2022,1.9038,1.1124
S1300_12.txt,12,19.9762,18.6444,10.4875,1.9048,2.5778,1.7778,0.25,0.4444,1.0714,0.4222,0.4,0.225,2.0889,1.175
S1301_3.txt,3,7.8481,7.9487,6.8889,1.1392,1.2692,1.1538,0.1,0.1154,0.9873,0.1154,0.0769,0.0667,0.8205,0.7111
S1302_5.txt,5,11.2208,11.2208,8.3883,1.3377,1.6364,1.3377,0.2233,0.2987,1,0.2597,0.1948,0.1456,1.3377,1
S1303_7.txt,7,14.3243,14.5205,10.1923,1.4054,1.8767,1.4247,0.2692,0.3836,0.9865,0.3288,0.3562,0.25,1.7397,1.2212
S1304_9.txt,9,17.1286,17.1286,10.7054,1.6,2.1429,1.6,0.3482,0.5571,1,0.4286,0.5,0.3125,2.1286,1.3304
S1305_12.txt,12,22.2025,19.2747,11.3896,1.9494,2.4286,1.6923,0.3831,0.6484,1.1519,0.4615,0.4396,0.2597,2.3516,1.3896
S1306_3.txt,3,9.0208,9.6222,7.4655,1.2083,1.5333,1.2889,0.1552,0.2,0.9375,0.2,0.0444,0.0345,0.7778,0.6034
S1307_5.txt,5,11.9655,12.3929,8.675,1.3793,1.7143,1.4286,0.2125,0.3036,0.9655,0.2679,0.1786,0.125,1.2857,0.9
S1308_7.txt,7,14.4444,14.717,9.8734,1.463,1.9811,1.4906,0.2658,0.3962,0.9815,0.3585,0.283,0.1899,1.6792,1.1266
S1309_9.txt,9,18.2093,18.6429,11.1857,1.6279,2.2857,1.6667,0.3143,0.5238,0.9767,0.4048,0.4524,0.2714,2.1429,1.2857
S1310_12.txt,12,21.0857,21.7059,11.5312,1.8286,2.5882,1.8824,0.3125,0.5882,0.9714,0.4412,0.4412,0.2344,2.1471,1.1406
S1311_3.txt,3,8.381,8.8,6.1754,1.3571,1.675,1.425,0.2105,0.3,0.9524,0.275,0.025,0.0175,0.925,0.6491
S1312_5.txt,5,11.2222,11.5429,7.4815,1.5,1.8571,1.5429,0.2778,0.4286,0.9722,0.3714,0.1143,0.0741,1.4286,0.9259
S1313_7.txt,7,14.3077,14.6842,9.3,1.5385,2,1.5789,0.3167,0.5,0.9744,0.4474,0.2895,0.1833,2,1.2667
S1314_9.txt,9,17.2973,16.4103,10.1587,1.7027,2.1026,1.6154,0.3175,0.5128,1.0541,0.4103,0.4359,0.2698,2.3077,1.4286
S1315_12.txt,12,28,23.8519,10.7333,2.6087,3,2.2222,0.3667,0.8148,1.1739,0.5926,0.5926,0.2667,3.3333,1.5
S1316_3.txt,3,8.2692,8.2692,7.1667,1.1538,1.2885,1.1538,0.15,0.1731,1,0.1538,0.0577,0.05,0.7308,0.6333
S1317_5.txt,5,11.7679,11.9818,8.6711,1.3571,1.5455,1.3818,0.25,0.3455,0.9821,0.3091,0.1636,0.1184,1.3818,1
S1318_7.txt,7,15.2826,14.3469,9.5,1.6087,1.7143,1.5102,0.2973,0.449,1.0652,0.4898,0.1837,0.1216,1.7755,1.1757
S1319_9.txt,9,18.6111,18.6111,10.6349,1.75,2.0278,1.75,0.3651,0.6389,1,0.5556,0.3056,0.1746,2.3889,1.3651
S1320_12.txt,12,22.8929,21.3667,11.6545,1.9643,2.1667,1.8333,0.3818,0.7,1.0714,0.5333,0.4333,0.2364,2.7,1.4727
S1321_3.txt,3,8.1455,8.1455,6.7879,1.2,1.4545,1.2,0.0909,0.1091,1,0.1091,0.0545,0.0455,0.8545,0.7121
S1322_5.txt,5,10.8621,10.678,7.875,1.3793,1.6949,1.3559,0.15,0.2034,1.0172,0.1864,0.1186,0.0875,1.322,0.975
S1323_7.txt,7,13.9184,13.64,9.8841,1.4082,1.78,1.38,0.2174,0.3,1.0204,0.24,0.18,0.1304,2.02,1.4638
S1324_9.txt,9,17.4571,17.4571,11.3148,1.5429,2.1429,1.5429,0.2407,0.3714,1,0.2571,0.2857,0.1852,2.5143,1.6296
S1325_12.txt,12,27.4118,25.8889,11.9487,2.2941,3.1667,2.1667,0.4103,0.8889,1.0588,0.5,0.3889,0.1795,3.7778,1.7436
S1326_3.txt,3,8.6471,8.6471,7.1129,1.2157,1.549,1.2157,0.2097,0.2549,1,0.2157,0.098,0.0806,0.7843,0.6452
S1327_5.txt,5,11.5254,11.3333,8.6076,1.339,1.9167,1.3167,0.2405,0.3167,1.0169,0.2833,0.1833,0.1392,1.1833,0.8987
S1328_7.txt,7,14.5283,14.2593,9.3902,1.5472,2.1296,1.5185,0.2927,0.4444,1.0189,0.3704,0.3333,0.2195,1.7593,1.1585
S1329_9.txt,9,17.6364,18.0465,10.0779,1.75,2.6279,1.7907,0.4026,0.7209,0.9773,0.4419,0.2791,0.1558,2.4651,1.3766
S1330_12.txt,12,31.5217,30.2083,11.5079,2.7391,4.125,2.625,0.5079,1.3333,1.0435,0.75,0.5,0.1905,4.4167,1.6825
S1331_3.txt,3,8.7174,9.1136,7.1607,1.2174,1.5682,1.2727,0.1964,0.25,0.9565,0.2273,0.0682,0.0536,0.7273,0.5714
S1332_5.txt,5,12.1207,11.5246,8.369,1.4483,1.7705,1.377,0.25,0.3443,1.0517,0.2787,0.1475,0.1071,0.9508,0.6905
S1333_7.txt,7,14.8,13.6316,9.0087,1.6429,2.0526,1.5132,0.3304,0.5,1.0857,0.4211,0.1316,0.087,1.4474,0.9565
S1334_9.txt,9,18.9667,16.9851,9.9825,1.9,2.3284,1.7015,0.3772,0.6418,1.1167,0.5522,0.2388,0.1404,2.1791,1.2807
S1335_12.txt,12,25.9512,21.28,9.8519,2.6341,3,2.16,0.4444,0.96,1.2195,0.66,0.3,0.1389,2.74,1.2685
S1336_3.txt,3,9.1765,9.1765,6.5,1.4118,1.5098,1.4118,0.2222,0.3137,1,0.2941,0.098,0.0694,0.9216,0.6528
S1337_5.txt,5,12.7593,12.7593,7.8295,1.6296,1.8148,1.6296,0.3182,0.5185,1,0.3889,0.1296,0.0795,1.6852,1.0341
S1338_7.txt,7,16.0435,15.7021,8.4828,1.8913,2.0851,1.8511,0.3908,0.7234,1.0217,0.4681,0.1915,0.1034,2.0638,1.1149
S1339_9.txt,9,20,18,9,2.2222,2.225,2,0.425,0.85,1.1111,0.625,0.175,0.0875,2.5,1.25
S1340_12.txt,12,26.4615,22.1935,9.6901,2.7308,2.6774,2.2903,0.507,1.1613,1.1923,0.6452,0.2258,0.0986,3.3548,1.4648
S1341_3.txt,3,9.0588,9.24,7.5738,1.1961,1.5,1.22,0.1148,0.14,0.9804,0.14,0.16,0.1311,0.8,0.6557
S1342_5.txt,5,12.4211,12.6429,9.3158,1.3333,1.8929,1.3571,0.1711,0.2321,0.9825,0.2143,0.25,0.1842,1.2143,0.8947
S1343_7.txt,7,15.102,16.087,11.5625,1.3061,1.9783,1.3913,0.2188,0.3043,0.9388,0.2609,0.3913,0.2812,1.7826,1.2812
S1344_9.txt,9,17.8718,17.8718,12.6727,1.4103,2,1.4103,0.2545,0.359,1,0.3077,0.4615,0.3273,1.9744,1.4
S1345_12.txt,12,22.9655,22.2,13.0588,1.7586,2.5,1.7,0.3137,0.5333,1.0345,0.4333,0.5667,0.3333,2.5,1.4706
S1346_3.txt,3,9.2045,9.2045,6.4286,1.4318,1.7273,1.4318,0.1746,0.25,1,0.2273,0.0455,0.0317,0.8409,0.5873
S1347_5.txt,5,11.5814,11.3182,7.3235,1.5814,1.8864,1.5455,0.2206,0.3409,1.0233,0.3182,0.0909,0.0588,1.25,0.8088
S1348_7.txt,7,15.6316,14.85,8.4857,1.8421,2.325,1.75,0.2571,0.45,1.0526,0.4,0.075,0.0429,1.85,1.0571
S1349_9.txt,9,18.7143,16.375,8.8514,2.1143,2.45,1.85,0.3243,0.6,1.1429,0.525,0.15,0.0811,2.175,1.1757
S1350_12.txt,12,23.0741,20.7667,10.5593,2.1852,2.6333,1.9667,0.3559,0.7,1.1111,0.5667,0.3333,0.1695,3.0333,1.5424
S1351_3.txt,3,8.3469,8.3469,6.7049,1.2449,1.4694,1.2449,0.1475,0.1837,1,0.1633,0.1224,0.0984,1,0.8033
S1352_5.txt,5,11.0323,11.0323,8.3415,1.3226,1.6774,1.3226,0.1829,0.2419,1,0.1774,0.2903,0.2195,1.4194,1.0732
S1353_7.txt,7,14.7419,14.7419,9.6211,1.5323,2.2258,1.5323,0.2737,0.4194,1,0.2903,0.371,0.2421,1.8387,1.2
S1354_9.txt,9,18.5625,17.82,10.7349,1.7292,2.68,1.66,0.3373,0.56,1.0417,0.38,0.52,0.3133,2.18,1.3133
S1355_12.txt,12,24.9429,21.825,11.0506,2.2571,3.2,1.975,0.4051,0.8,1.1429,0.55,0.625,0.3165,2.825,1.4304
S1356_3.txt,3,8.9057,8.9057,7.0448,1.2642,1.5094,1.2642,0.209,0.2642,1,0.2264,0.0377,0.0299,1,0.791
S1357_5.txt,5,11.75,11.5574,7.8333,1.5,1.7869,1.4754,0.3,0.4426,1.0167,0.3443,0.1639,0.1111,1.459,0.9889
S1358_7.txt,7,14.7705,14.7705,9.1939,1.6066,1.9016,1.6066,0.3265,0.5246,1,0.3934,0.3443,0.2143,1.9672,1.2245
S1359_9.txt,9,18.66,17.6038,9.6186,1.94,2.1887,1.8302,0.4124,0.7547,1.06,0.4717,0.3396,0.1856,2.434,1.3299
S1360_12.txt,12,27.4545,22.0976,10.9157,2.5152,2.561,2.0244,0.4699,0.9512,1.2424,0.6341,0.439,0.2169,2.9268,1.4458
S1361_3.txt,3,8.2623,8.2623,6.5455,1.2623,1.4098,1.2623,0.1948,0.2459,1,0.2459,0.1148,0.0909,0.8361,0.6623
S1362_5.txt,5,11.7727,11.9538,8.6333,1.3636,1.5692,1.3846,0.2111,0.2923,0.9848,0.2615,0.1846,0.1333,1.5077,1.0889
S1363_7.txt,7,14.4138,13.9333,9.6092,1.5,1.6667,1.45,0.2414,0.35,1.0345,0.3,0.25,0.1724,1.8333,1.2644
S1364_9.txt,9,16.9091,16.1739,10.6286,1.5909,1.8913,1.5217,0.2857,0.4348,1.0455,0.3478,0.3478,0.2286,2.0652,1.3571
S1365_12.txt,12,23.0968,21.697,11.1875,2.0645,2.3939,1.9394,0.3906,0.7576,1.0645,0.5758,0.4848,0.25,2.8485,1.4688
S1366_3.txt,3,9.1489,9.3478,6.9355,1.3191,1.4783,1.3478,0.2581,0.3478,0.9787,0.3261,0.1739,0.129,1.087,0.8065
S1367_5.txt,5,10.8806,10.8806,8.1,1.3433,1.5224,1.3433,0.2556,0.3433,1,0.2687,0.194,0.1444,1.0746,0.8
S1368_7.txt,7,14.0526,13.8103,9.5357,1.4737,1.7586,1.4483,0.2262,0.3276,1.0175,0.2414,0.2414,0.1667,1.4655,1.0119
S1369_9.txt,9,17.0682,16.6889,10.7286,1.5909,2,1.5556,0.2571,0.4,1.0227,0.2889,0.2667,0.1714,1.8222,1.1714
S1370_12.txt,12,21.6667,19.8611,11.1719,1.9394,2.4167,1.7778,0.2344,0.4167,1.0909,0.3333,0.3333,0.1875,2.1111,1.1875
S1371_3.txt,3,8.7111,9.1163,6.125,1.4222,1.6744,1.4884,0.3438,0.5116,0.9556,0.3721,0,0,0.9767,0.6562
S1372_5.txt,5,12.1739,12.1739,7.8873,1.5435,1.8696,1.5435,0.3099,0.4783,1,0.3913,0.087,0.0563,1.3261,0.8592
S1373_7.txt,7,15.0784,14.7885,8.7386,1.7255,2.1154,1.6923,0.3636,0.6154,1.0196,0.4231,0.2115,0.125,1.75,1.0341
S1374_9.txt,9,19.4324,19.9722,9.3377,2.0811,2.5278,2.1389,0.4545,0.9722,0.973,0.6389,0.3611,0.1688,2.6667,1.2468
S1375_12.txt,12,26.1538,21.9355,10.7937,2.4231,2.5161,2.0323,0.4127,0.8387,1.1923,0.5161,0.2903,0.1429,3,1.4762
S1376_3.txt,3,8.7547,8.7547,7.1385,1.2264,1.6226,1.2264,0.2,0.2453,1,0.2264,0.0943,0.0769,0.8679,0.7077
S1377_5.txt,5,12.3878,12.14,9.9508,1.2449,1.72,1.22,0.2131,0.26,1.0204,0.24,0.22,0.1803,1.28,1.0492
S1378_7.txt,7,15.1053,15.9444,12.7556,1.1842,1.9167,1.25,0.2,0.25,0.9474,0.1944,0.2778,0.2222,1.8611,1.4889
S1379_9.txt,9,19.3103,19.3103,13.3333,1.4483,2.3793,1.4483,0.3095,0.4483,1,0.3103,0.4828,0.3333,2.3448,1.619
S1380_12.txt,12,22.8333,21.0769,14.0513,1.625,2.4231,1.5,0.3077,0.4615,1.0833,0.2692,0.5,0.3333,2.5769,1.7179
S1381_3.txt,3,7.7636,7.9074,6.7778,1.1455,1.2407,1.1667,0.127,0.1481,0.9818,0.1481,0.0926,0.0794,1,0.8571
S1382_5.txt,5,10.5303,10.5303,8.4756,1.2424,1.5909,1.2424,0.1463,0.1818,1,0.1667,0.1364,0.1098,1.2576,1.0122
S1383_7.txt,7,14.0323,13.3846,10,1.4032,1.7692,1.3385,0.2414,0.3231,1.0484,0.2615,0.2462,0.1839,1.6154,1.2069
S1384_9.txt,9,17.1,16.1321,10.6875,1.6,1.9811,1.5094,0.3,0.4528,1.06,0.3585,0.3208,0.2125,2.0566,1.3625
S1385_12.txt,12,24.8333,22.5758,11.2879,2.2,2.697,2,0.4394,0.8788,1.1,0.4848,0.3939,0.197,2.9091,1.4545
S1386_3.txt,3,8.2222,8.3774,7.5254,1.0926,1.1887,1.1132,0.1017,0.1132,0.9815,0.1132,0.0943,0.0847,0.8679,0.7797
S1387_5.txt,5,11.9194,11.7302,8.593,1.3871,1.6984,1.3651,0.2791,0.381,1.0161,0.3492,0.2063,0.1512,1.5079,1.1047
S1388_7.txt,7,14.3333,13.6167,9.3908,1.5263,1.8167,1.45,0.2989,0.4333,1.0526,0.4,0.3,0.2069,1.6833,1.1609
S1389_9.txt,9,16.4074,14.7667,10.3023,1.5926,1.9167,1.4333,0.2907,0.4167,1.1111,0.4333,0.3333,0.2326,1.85,1.2907
S1390_12.txt,12,18.4286,16.125,10.9014,1.6905,2,1.4792,0.3239,0.4792,1.1429,0.4792,0.3542,0.2394,1.9583,1.3239
S1391_3.txt,3,9.5789,9.5789,6.7407,1.4211,1.6667,1.4211,0.3086,0.4386,1,0.4035,0.1754,0.1235,0.9474,0.6667
S1392_5.txt,5,12.8182,12.8182,7.8333,1.6364,1.9818,1.6364,0.3778,0.6182,1,0.4545,0.3455,0.2111,1.4,0.8556
S1393_7.txt,7,15.9167,15.28,9.2048,1.7292,2.12,1.66,0.3735,0.62,1.0417,0.5,0.42,0.253,1.84,1.1084
S1394_9.txt,9,19.7297,17.8049,10.2817,1.9189,2.1707,1.7317,0.3944,0.6829,1.1081,0.4878,0.5122,0.2958,2.3415,1.3521
S1395_12.txt,12,33.8333,29,10.875,3.1111,3.4762,2.6667,0.5536,1.4762,1.1667,0.8095,1,0.375,3.9524,1.4821
S1396_3.txt,3,8.76,8.9388,7.4237,1.18,1.4898,1.2041,0.1525,0.1837,0.98,0.1633,0.0612,0.0508,0.898,0.7458
S1397_5.txt,5,11.7547,11.537,7.7875,1.5094,1.7593,1.4815,0.2625,0.3889,1.0189,0.3519,0.1667,0.1125,1.1111,0.75
S1398_7.txt,7,14.5263,13.5738,8.7158,1.6667,2.0328,1.5574,0.3053,0.4754,1.0702,0.3607,0.2459,0.1579,1.5246,0.9789
S1399_9.txt,9,18.3529,16.4211,9.0874,2.0196,2.4386,1.807,0.3398,0.614,1.1176,0.4211,0.3333,0.1845,1.7895,0.9903
S1400_12.txt,12,21.7692,19.2955,9.4333,2.3077,2.7727,2.0455,0.3667,0.75,1.1282,0.4545,0.4091,0.2,2.0682,1.0111
S1401_3.txt,3,8.3269,8.3269,6.3676,1.3077,1.5,1.3077,0.1912,0.25,1,0.2308,0.0769,0.0588,0.5962,0.4559
S1402_5.txt,5,12.3396,11.4737,7.6047,1.6226,1.9825,1.5088,0.2674,0.4035,1.0755,0.3684,0.193,0.1279,0.9649,0.6395
S1403_7.txt,7,14.8,13.7966,9.6905,1.5273,2.0169,1.4237,0.2143,0.3051,1.0727,0.322,0.2542,0.1786,1.4576,1.0238
S1404_9.txt,9,17.7174,15.6731,10.5844,1.6739,2.1538,1.4808,0.2338,0.3462,1.1304,0.3269,0.3654,0.2468,1.7308,1.1688
S1405_12.txt,12,26.5,24.0909,12.0455,2.2,3.0909,2,0.3788,0.7576,1.1,0.5455,0.697,0.3485,2.9091,1.4545
S1406_3.txt,3,9.7609,10.2045,7.8772,1.2391,1.3864,1.2955,0.2105,0.2727,0.9565,0.25,0.3636,0.2807,1.2273,0.9474
S1407_5.txt,5,12.5667,13.2281,9.7922,1.2833,1.5789,1.3509,0.2338,0.3158,0.95,0.2807,0.4035,0.2987,1.8246,1.3506
S1408_7.txt,7,14.0938,14.7869,11.275,1.25,1.5246,1.3115,0.2,0.2623,0.9531,0.2295,0.5574,0.425,2.0164,1.5375
S1409_9.txt,9,16.7966,15.9839,12.7051,1.322,1.5806,1.2581,0.1923,0.2419,1.0508,0.1935,0.6129,0.4872,2.1935,1.7436
S1410_12.txt,12,18.9701,17.9014,13.3789,1.4179,1.6901,1.338,0.2211,0.2958,1.0597,0.2676,0.662,0.4947,2.4507,1.8316
S1411_3.txt,3,8.2593,8.4151,7.1935,1.1481,1.5472,1.1698,0.129,0.1509,0.9815,0.1509,0.1321,0.1129,0.6981,0.5968
S1412_5.txt,5,11.7419,11.7419,9.2152,1.2742,1.6774,1.2742,0.1519,0.1935,1,0.1613,0.1452,0.1139,1.3065,1.0253
S1413_7.txt,7,15.0167,14.5323,10.6,1.4167,1.8226,1.371,0.2235,0.3065,1.0333,0.2258,0.2742,0.2,1.8065,1.3176
S1414_9.txt,9,18,16.9615,11.76,1.5306,1.9808,1.4423,0.24,0.3462,1.0612,0.25,0.3462,0.24,2.25,1.56
S1415_12.txt,12,21.5789,20,11.7143,1.8421,2.2683,1.7073,0.3,0.5122,1.0789,0.2927,0.3902,0.2286,2.7805,1.6286
S1416_3.txt,3,8.1111,8.2955,7.1569,1.1333,1.5682,1.1591,0.098,0.1136,0.9778,0.1136,0.2045,0.1765,0.75,0.6471
S1417_5.txt,5,12.0588,11.3889,8.7857,1.3725,1.7407,1.2963,0.2,0.2593,1.0588,0.2222,0.2778,0.2143,1.4259,1.1
S1418_7.txt,7,14.6667,13.9683,10.1149,1.45,1.873,1.381,0.2414,0.3333,1.05,0.2857,0.5079,0.3678,1.7937,1.2989
S1419_9.txt,9,17.8393,17.2241,10.5158,1.6964,2.2759,1.6379,0.3158,0.5172,1.0357,0.4483,0.6724,0.4105,2.1552,1.3158
S1420_12.txt,12,23.225,20.1957,11.0595,2.1,2.5435,1.8261,0.3214,0.587,1.15,0.5,0.8043,0.4405,2.4565,1.3452
S1421_3.txt,3,9.0851,8.8958,6.3731,1.4255,1.4792,1.3958,0.2836,0.3958,1.0213,0.2917,0.125,0.0896,1.0417,0.7463
S1422_5.txt,5,11.7551,11.0769,8.2286,1.4286,1.5769,1.3462,0.2714,0.3654,1.0612,0.3077,0.25,0.1857,1.25,0.9286
S1423_7.txt,7,14.9167,13.7692,9.4211,1.5833,1.641,1.4615,0.2982,0.4359,1.0833,0.3333,0.359,0.2456,1.7179,1.1754
S1424_9.txt,9,18.7407,16.3226,10.5417,1.7778,1.871,1.5484,0.3125,0.4839,1.1481,0.4516,0.5161,0.3333,2.2258,1.4375
S1425_12.txt,12,24.1,20.9565,11.4762,2.1,2.2609,1.8261,0.381,0.6957,1.15,0.6522,0.6957,0.381,2.913,1.5952
S1426_3.txt,3,9.9091,9.6889,7.5172,1.3182,1.5111,1.2889,0.2241,0.2889,1.0227,0.2667,0.1333,0.1034,1.0444,0.8103
S1427_5.txt,5,12.6415,12.4074,8.7013,1.4528,1.6481,1.4259,0.2857,0.4074,1.0189,0.3148,0.2222,0.1558,1.5926,1.1169
S1428_7.txt,7,14.6604,15.2353,10.9437,1.3396,1.6078,1.3922,0.2113,0.2941,0.9623,0.2353,0.4314,0.3099,1.9216,1.3803
S1429_9.txt,9,16.9268,16.9268,12.3929,1.3659,1.7317,1.3659,0.2143,0.2927,1,0.2439,0.5366,0.3929,2.0732,1.5179
S1430_12.txt,12,23.3077,20.8966,15.15,1.5385,1.8966,1.3793,0.2,0.2759,1.1154,0.2414,0.7931,0.575,2.7931,2.025
S1431_3.txt,3,8.5882,8.76,7.0645,1.2157,1.4,1.24,0.2097,0.26,0.9804,0.2,0.04,0.0323,0.88,0.7097
S1432_5.txt,5,11.7407,11.7407,7.7317,1.5185,1.8148,1.5185,0.3415,0.5185,1,0.4259,0.0926,0.061,1.5,0.9878
S1433_7.txt,7,15.2609,14.9362,8.8861,1.7174,2,1.6809,0.4051,0.6809,1.0217,0.4681,0.1702,0.1013,2.0851,1.2405
S1434_9.txt,9,19.6552,20.3571,10.9615,1.7931,2.4286,1.8571,0.4615,0.8571,0.9655,0.5714,0.1786,0.0962,3.0714,1.6538
S1435_12.txt,12,22.1739,22.1739,10.625,2.087,2.6087,2.087,0.5208,1.087,1,0.6522,0.1739,0.0833,3.2174,1.5417
S1436_3.txt,3,8.0938,8.0938,7.1944,1.125,1.5,1.125,0.1111,0.125,1,0.125,0.0312,0.0278,0.7656,0.6806
S1437_5.txt,5,11.0147,10.8551,8.7093,1.2647,1.8406,1.2464,0.2093,0.2609,1.0147,0.2609,0.1449,0.1163,1.2319,0.9884
S1438_7.txt,7,13.5417,13.7324,10.1562,1.3333,1.8592,1.3521,0.2604,0.3521,0.9861,0.3099,0.2535,0.1875,1.9718,1.4583
S1439_9.txt,9,16.9286,16.3448,11.85,1.4286,1.931,1.3793,0.3,0.4138,1.0357,0.3966,0.3276,0.2375,2.4138,1.75
S1440_12.txt,12,20.9111,20.9111,13.2535,1.5778,2.3778,1.5778,0.3662,0.5778,1,0.3556,0.4444,0.2817,3.2222,2.0423
S1441_3.txt,3,8.6078,8.4423,6.3623,1.3529,1.6154,1.3269,0.2464,0.3269,1.0196,0.3269,0.0962,0.0725,0.8077,0.6087
S1442_5.txt,5,11.8235,11.3774,6.7,1.7647,2.0377,1.6981,0.3778,0.6415,1.0392,0.4906,0.1698,0.1,1.4528,0.8556
S1443_7.txt,7,15.1667,14.814,7.5833,2,2.4186,1.9535,0.3929,0.7674,1.0238,0.5349,0.3721,0.1905,2,1.0238
S1444_9.txt,9,18.0571,16.6316,8.4267,2.1429,2.6579,1.9737,0.4,0.7895,1.0857,0.6053,0.5526,0.28,2.1316,1.08
S1445_12.txt,12,18.4194,17.8438,8.3971,2.1935,2.7812,2.125,0.3676,0.7812,1.0323,0.6562,0.4688,0.2206,2.5,1.1765
S1446_3.txt,3,8.3273,8.6415,6.7353,1.2364,1.6604,1.283,0.2206,0.283,0.9636,0.2642,0.1321,0.1029,0.7736,0.6029
S1447_5.txt,5,11.8814,11.127,8.0575,1.4746,1.7778,1.381,0.2644,0.3651,1.0678,0.3175,0.2222,0.1609,1.254,0.908
S1448_7.txt,7,15.4138,14.4194,9.4105,1.6379,1.9355,1.5323,0.2842,0.4355,1.069,0.3548,0.2903,0.1895,1.8065,1.1789
S1449_9.txt,9,18.3846,16.4828,10.0632,1.8269,2.1034,1.6379,0.3263,0.5345,1.1154,0.3793,0.3793,0.2316,1.9828,1.2105
S1450_12.txt,12,21.4186,18.0588,10.7093,2,2.2157,1.6863,0.3372,0.5686,1.186,0.3529,0.4314,0.2558,2.1373,1.2674
S1451_3.txt,3,8.8571,9.3,5.8125,1.5238,1.85,1.6,0.375,0.6,0.9524,0.475,0.125,0.0781,0.825,0.5156
S1452_5.txt,5,10.5902,10.254,7.6,1.3934,1.619,1.3492,0.2706,0.3651,1.0328,0.3016,0.254,0.1882,0.9524,0.7059
S1453_7.txt,7,12.8923,12.8923,8.9149,1.4462,1.8,1.4462,0.2872,0.4154,1,0.3077,0.3846,0.266,1.6154,1.117
S1454_9.txt,9,16.4314,16.4314,9.2088,1.7843,2.1961,1.7843,0.4066,0.7255,1,0.4314,0.549,0.3077,2.2157,1.2418
S1455_12.txt,12,18.3265,19.1064,11.9733,1.5306,2.0638,1.5957,0.3733,0.5957,0.9592,0.4043,0.617,0.3867,2.5319,1.5867
S1456_3.txt,3,8.54,8.7143,5.9306,1.44,1.5918,1.4694,0.25,0.3673,0.98,0.3265,0.1429,0.0972,0.8163,0.5556
S1457_5.txt,5,11.0175,11.0175,6.28,1.7544,1.9825,1.7544,0.3,0.5263,1,0.4386,0.2456,0.14,1,0.57
S1458_7.txt,7,14.5849,13.3276,7.2925,2,2.069,1.8276,0.3585,0.6552,1.0943,0.5517,0.4483,0.2453,1.2586,0.6887
S1459_9.txt,9,17.6957,16.6122,8.2222,2.1522,2.3265,2.0204,0.3838,0.7755,1.0652,0.551,0.5102,0.2525,1.9184,0.9495
S1460_12.txt,12,28.4483,25.7812,9.1667,3.1034,3.4062,2.8125,0.4333,1.2188,1.1034,0.75,0.9062,0.3222,3.1562,1.1222
S1461_3.txt,3,8.5714,8.9362,7.1186,1.2041,1.5532,1.2553,0.1864,0.234,0.9592,0.1915,0.1489,0.1186,0.8936,0.7119
S1462_5.txt,5,11.7586,11.5593,8.525,1.3793,1.7288,1.3559,0.2375,0.322,1.0172,0.3051,0.1864,0.1375,1.3051,0.9625
S1463_7.txt,7,15.7059,15.7059,10.1392,1.549,2.1176,1.549,0.3418,0.5294,1,0.451,0.3529,0.2278,1.8235,1.1772
S1464_9.txt,9,18.5116,18.0909,11.3714,1.6279,2.2727,1.5909,0.3286,0.5227,1.0233,0.4545,0.4773,0.3,2.0682,1.3
S1465_12.txt,12,22.871,22.871,12.6607,1.8065,2.7097,1.8065,0.4107,0.7419,1,0.4839,0.5161,0.2857,2.871,1.5893
S1466_3.txt,3,8.7015,8.5735,6.1368,1.4179,1.7353,1.3971,0.2842,0.3971,1.0149,0.3382,0.1618,0.1158,0.9706,0.6947
S1467_5.txt,5,11.381,11.2031,7.7935,1.4603,1.9062,1.4375,0.3152,0.4531,1.0159,0.3594,0.3438,0.2391,1.3906,0.9674
S1468_7.txt,7,15.0833,14.8361,9.7312,1.55,2.1967,1.5246,0.3763,0.5738,1.0167,0.4754,0.3443,0.2258,2.0984,1.3763
S1469_9.txt,9,18.3846,18.0377,11.1163,1.6538,2.4717,1.6226,0.407,0.6604,1.0192,0.4528,0.5472,0.3372,2.5472,1.5698
S1470_12.txt,12,26.8824,26.1143,12.5205,2.1471,3.4571,2.0857,0.5205,1.0857,1.0294,0.6286,0.8,0.3836,4,1.9178
S1471_3.txt,3,9.4667,9.2609,7.8889,1.2,1.3696,1.1739,0.1481,0.1739,1.0222,0.1522,0.0652,0.0556,0.9783,0.8333
S1472_5.txt,5,12.8182,13.5577,9.9296,1.2909,1.5962,1.3654,0.169,0.2308,0.9455,0.2308,0.1923,0.1408,1.5192,1.1127
S1473_7.txt,7,16.4889,18.0976,12.5763,1.3111,1.7805,1.439,0.1864,0.2683,0.9111,0.2439,0.439,0.3051,2.2439,1.5593
S1474_9.txt,9,18.5641,19.0526,13.6604,1.359,1.8684,1.3947,0.2453,0.3421,0.9744,0.2895,0.5526,0.3962,2.3158,1.6604
S1475_12.txt,12,24.75,23.1,14.7447,1.6786,2.0667,1.5667,0.2766,0.4333,1.0714,0.3667,0.7,0.4468,2.8667,1.8298
S1476_3.txt,3,7.8687,8.2872,7.3491,1.0707,1.3404,1.1277,0.1415,0.1596,0.9495,0.1489,0.1596,0.1415,0.9574,0.8491
S1477_5.txt,5,10.3625,11.0533,9.1099,1.1375,1.4933,1.2133,0.1868,0.2267,0.9375,0.2,0.28,0.2308,1.4,1.1538
S1478_7.txt,7,12.2133,13.2754,11.1707,1.0933,1.6522,1.1884,0.2195,0.2609,0.92,0.2029,0.4203,0.3537,1.7246,1.4512
S1479_9.txt,9,15.7759,16.3393,13.2609,1.1897,1.8214,1.2321,0.2029,0.25,0.9655,0.1964,0.5,0.4058,2.25,1.8261
S1480_12.txt,12,20.6667,19.2889,14.2295,1.4524,2.1556,1.3556,0.2459,0.3333,1.0714,0.2889,0.5556,0.4098,2.6889,1.9836
S1481_3.txt,3,8.8,8.8,7.1176,1.2364,1.4545,1.2364,0.1912,0.2364,1,0.2364,0.0909,0.0735,0.7455,0.6029
S1482_5.txt,5,11.8167,11.8167,9.3289,1.2667,1.6,1.2667,0.2105,0.2667,1,0.2167,0.2333,0.1842,1.3833,1.0921
S1483_7.txt,7,15.386,14.1452,10.1977,1.5088,1.7581,1.3871,0.2442,0.3387,1.0877,0.2903,0.2742,0.1977,1.6774,1.2093
S1484_9.txt,9,17.9655,16.8065,11.4505,1.569,1.9677,1.4677,0.2747,0.4032,1.069,0.3387,0.3387,0.2308,2,1.3626
S1485_12.txt,12,18.9833,17.5231,11.0583,1.7167,2.0154,1.5846,0.2524,0.4,1.0833,0.3231,0.2769,0.1748,2.1385,1.3495
S1486_3.txt,3,8.4386,8.5893,6.5,1.2982,1.5714,1.3214,0.2432,0.3214,0.9825,0.2857,0.0536,0.0405,0.8393,0.6351
S1487_5.txt,5,11.8871,11.8871,7.297,1.629,1.8871,1.629,0.3861,0.629,1,0.5161,0.2097,0.1287,1.4516,0.8911
S1488_7.txt,7,15.7931,15.2667,8.5607,1.8448,2.25,1.7833,0.3832,0.6833,1.0345,0.5333,0.2667,0.1495,2.0167,1.1308
S1489_9.txt,9,18.3148,17.6607,9.1574,2,2.5179,1.9286,0.4352,0.8393,1.037,0.5714,0.3393,0.1759,2.3393,1.213
S1490_12.txt,12,21.4521,20.3377,9.9745,2.1507,2.6883,2.039,0.4204,0.8571,1.0548,0.5195,0.3896,0.1911,2.7143,1.3312
S1491_3.txt,3,8.1964,8.3455,7.4032,1.1071,1.3091,1.1273,0.129,0.1455,0.9821,0.1455,0.0545,0.0484,0.7636,0.6774
S1492_5.txt,5,11.541,12.1379,8.5854,1.3443,1.8276,1.4138,0.3049,0.431,0.9508,0.3621,0.1552,0.1098,1.4138,1
S1493_7.txt,7,14.2812,14.9836,9.5208,1.5,2.1475,1.5738,0.3438,0.541,0.9531,0.4262,0.2951,0.1875,1.8525,1.1771
S1494_9.txt,9,17.0727,17.0727,9.7812,1.7455,2.3455,1.7455,0.4167,0.7273,1,0.4909,0.3273,0.1875,2.2182,1.2708
S1495_12.txt,12,23.5,21.62,10.81,2.1739,2.66,2,0.43,0.86,1.087,0.62,0.46,0.23,2.94,1.47
S1496_3.txt,3,9.0698,9.0698,5.8209,1.5581,1.8605,1.5581,0.3731,0.5814,1,0.5116,0.0465,0.0299,0.9302,0.597
S1497_5.txt,5,11.8462,11.8462,7.5738,1.5641,2,1.5641,0.3607,0.5641,1,0.4359,0.1282,0.082,1.3077,0.8361
S1498_7.txt,7,15.1778,14.5319,8.131,1.8667,2.2766,1.7872,0.4048,0.7234,1.0444,0.5319,0.2766,0.1548,1.6809,0.9405
S1499_9.txt,9,18.9231,18,9,2.1026,2.6098,2,0.439,0.878,1.0513,0.6098,0.3902,0.1951,2.2683,1.1341
S1500_12.txt,12,22.3125,19.2973,10.0563,2.2188,2.5405,1.9189,0.3944,0.7568,1.1562,0.5405,0.3514,0.1831,2.8108,1.4648
SS1501_3.txt,3,8.4368,8.3409,7.0577,1.1954,1.3523,1.1818,0.1731,0.2045,1.0115,0.1818,0.1364,0.1154,0.9659,0.8173
SS1502_5.txt,5,11.6829,12.1266,9.1238,1.2805,1.6962,1.3291,0.2381,0.3165,0.9634,0.3038,0.2785,0.2095,1.6076,1.2095
SS1503_7.txt,7,14.9324,14.1667,10.5238,1.4189,1.7692,1.3462,0.2571,0.3462,1.0541,0.3205,0.4103,0.3048,1.8974,1.4095
SS1504_9.txt,9,17.8657,16.1757,11.5096,1.5522,2,1.4054,0.3269,0.4595,1.1045,0.3919,0.5541,0.3942,2.0676,1.4712
SS1505_12.txt,12,20.0909,20.4,13.1287,1.5303,2.0923,1.5538,0.3663,0.5692,0.9848,0.3692,0.9385,0.604,2.8462,1.8317
SS1506_3.txt,3,8.6912,8.8209,6.6404,1.3088,1.5373,1.3284,0.191,0.2537,0.9853,0.2388,0.0896,0.0674,0.9701,0.7303
SS1507_5.txt,5,11.3281,11.6935,8.1461,1.3906,1.7258,1.4355,0.2472,0.3548,0.9688,0.3226,0.1774,0.1236,1.4194,0.9888
SS1508_7.txt,7,15.4746,15.4746,9.8172,1.5763,2,1.5763,0.3333,0.5254,1,0.4237,0.3559,0.2258,2.1864,1.3871
SS1509_9.txt,9,19.1481,19.1481,11,1.7407,2.4074,1.7407,0.3617,0.6296,1,0.4259,0.5,0.2872,2.7593,1.5851
SS1510_12.txt,12,24.6316,23.7966,11.0551,2.2281,3.0508,2.1525,0.4409,0.9492,1.0351,0.5424,0.5424,0.252,3.2881,1.5276
SS1511_3.txt,3,8.7159,8.7159,6.9099,1.2614,1.5682,1.2614,0.1712,0.2159,1,0.2045,0.0568,0.045,0.9318,0.7387
SS1512_5.txt,5,11.6316,11.6316,8.3396,1.3947,1.9211,1.3947,0.217,0.3026,1,0.25,0.1447,0.1038,1.3947,1
SS1513_7.txt,7,14.6056,14.6056,9.177,1.5915,2.2535,1.5915,0.3097,0.493,1,0.4085,0.2113,0.1327,1.9437,1.2212
SS1514_9.txt,9,17.4857,16.7671,9.4154,1.8571,2.4932,1.7808,0.3692,0.6575,1.0429,0.4795,0.2466,0.1385,2.1644,1.2154
SS1515_12.txt,12,22.375,21.3095,10.5294,2.125,2.9405,2.0238,0.4059,0.8214,1.05,0.5952,0.369,0.1824,2.7619,1.3647
SS1516_3.txt,3,8.44,8.44,6.8065,1.24,1.66,1.24,0.1774,0.22,1,0.22,0.06,0.0484,0.62,0.5
SS1517_5.txt,5,11.5424,11.1639,7.1684,1.6102,2.1148,1.5574,0.3368,0.5246,1.0339,0.4098,0.1967,0.1263,1.082,0.6947
SS1518_7.txt,7,14.8644,14.1452,8.1963,1.8136,2.3871,1.7258,0.3178,0.5484,1.0508,0.3871,0.3871,0.2243,1.4839,0.8598
SS1519_9.txt,9,17.2807,16.1475,8.4914,2.0351,2.5902,1.9016,0.3534,0.6721,1.0702,0.4918,0.4426,0.2328,1.7541,0.9224
SS1520_12.txt,12,19.3065,18.1364,8.9328,2.1613,2.7121,2.0303,0.3881,0.7879,1.0645,0.4848,0.4848,0.2388,1.9394,0.9552
SS1521_3.txt,3,8.4667,8.4667,6.4304,1.3167,1.5167,1.3167,0.1899,0.25,1,0.2333,0.1167,0.0886,0.85,0.6456
SS1522_5.txt,5,11.5938,11.9677,7.2745,1.5938,2.0323,1.6452,0.3137,0.5161,0.9688,0.4194,0.1774,0.1078,1.4677,0.8922
SS1523_7.txt,7,14.7759,14.2833,8.4851,1.7414,2.0833,1.6833,0.3366,0.5667,1.0345,0.45,0.3833,0.2277,1.9333,1.1485
SS1524_9.txt,9,18.0192,17.0364,8.757,2.0577,2.3455,1.9455,0.4112,0.8,1.0577,0.5818,0.5636,0.2897,2.3091,1.1869
SS1525_12.txt,12,23.549,22.6604,9.6855,2.4314,2.8113,2.3396,0.4597,1.0755,1.0392,0.6981,0.7925,0.3387,3.3208,1.4194
SS1526_3.txt,3,9.3333,9.3333,6.5714,1.4203,1.7246,1.4203,0.2551,0.3623,1,0.3478,0.0725,0.051,1.1159,0.7857
SS1527_5.txt,5,11.8158,11.8158,8.1636,1.4474,1.7237,1.4474,0.2636,0.3816,1,0.3289,0.1842,0.1273,1.5658,1.0818
SS1528_7.txt,7,14.8514,14.4605,9.0082,1.6486,2.0132,1.6053,0.3361,0.5395,1.027,0.4474,0.2763,0.1721,2.0658,1.2869
SS1529_9.txt,9,17.9403,16.9296,9.3906,1.9104,2.3239,1.8028,0.3828,0.6901,1.0597,0.5211,0.3662,0.2031,2.4225,1.3438
SS1530_12.txt,12,21.7629,19.5463,9.2996,2.3402,2.6667,2.1019,0.4449,0.9352,1.1134,0.6019,0.5278,0.2511,2.5741,1.2247
SS1531_3.txt,3,8.5,8.3509,6.5205,1.3036,1.5088,1.2807,0.1781,0.2281,1.0179,0.193,0.1228,0.0959,1,0.7808
SS1532_5.txt,5,11.1639,10.8095,7.3226,1.5246,1.8254,1.4762,0.2581,0.381,1.0328,0.3016,0.2381,0.1613,1.4127,0.957
SS1533_7.txt,7,15.2759,14.0635,7.8407,1.9483,2.1587,1.7937,0.3451,0.619,1.0862,0.4444,0.2857,0.1593,1.7937,1
SS1534_9.txt,9,19.0196,17.3214,8.8182,2.1569,2.5,1.9643,0.3909,0.7679,1.098,0.5357,0.375,0.1909,2.2679,1.1545
SS1535_12.txt,12,19.3542,17.2037,8.3694,2.3125,2.5556,2.0556,0.3964,0.8148,1.125,0.537,0.3333,0.1622,2.2222,1.0811
SS1536_3.txt,3,8.4386,8.4386,5.8659,1.4386,1.7193,1.4386,0.2805,0.4035,1,0.2982,0.1053,0.0732,1,0.6951
SS1537_5.txt,5,11.5429,11.5429,7.5514,1.5286,1.7571,1.5286,0.271,0.4143,1,0.3143,0.2571,0.1682,1.5429,1.0093
SS1538_7.txt,7,14.5517,14.807,8.701,1.6724,1.9825,1.7018,0.3093,0.5263,0.9828,0.3684,0.4211,0.2474,2.1404,1.2577
SS1539_9.txt,9,17.6154,17.175,9.8143,1.7949,2,1.75,0.3,0.525,1.0256,0.4,0.525,0.3,2.525,1.4429
SS1540_12.txt,12,22.069,19.3939,9.8462,2.2414,2.3333,1.9697,0.3538,0.697,1.1379,0.4848,0.5152,0.2615,2.9091,1.4769
SS1541_3.txt,3,7.7705,7.5238,5.7108,1.3607,1.4603,1.3175,0.2289,0.3016,1.0328,0.2698,0.0952,0.0723,0.8571,0.6506
SS1542_5.txt,5,10.5735,10.4203,7.2626,1.4559,1.6522,1.4348,0.2626,0.3768,1.0147,0.3188,0.3623,0.2525,1.3623,0.9495
SS1543_7.txt,7,14.1667,13.5507,8.1304,1.7424,2.0435,1.6667,0.3478,0.5797,1.0455,0.4348,0.4348,0.2609,1.9275,1.1565
SS1544_9.txt,9,18.4074,16.8475,9.0364,2.037,2.4915,1.8644,0.3909,0.7288,1.0926,0.5254,0.6271,0.3364,2.2373,1.2
SS1545_12.txt,12,20.619,18.2316,8.7035,2.369,2.8632,2.0947,0.4221,0.8842,1.131,0.5895,0.6,0.2864,2.5158,1.201
SS1546_3.txt,3,8.6667,8.8511,6.9333,1.25,1.5532,1.2766,0.1833,0.234,0.9792,0.234,0.0638,0.05,1.2553,0.9833
SS1547_5.txt,5,12.0185,11.386,7.5465,1.5926,1.8596,1.5088,0.2558,0.386,1.0556,0.3509,0.2807,0.186,1.4912,0.9884
SS1548_7.txt,7,14.7544,13.7869,8.0865,1.8246,2.1311,1.7049,0.3269,0.5574,1.0702,0.4098,0.3279,0.1923,1.8689,1.0962
SS1549_9.txt,9,18.9111,16.6863,8.6837,2.1778,2.3529,1.9216,0.3673,0.7059,1.1333,0.4706,0.4118,0.2143,2.2745,1.1837
SS1550_12.txt,12,21,18,8.6897,2.4167,2.5714,2.0714,0.4138,0.8571,1.1667,0.5238,0.4762,0.2299,2.619,1.2644
SS1551_3.txt,3,8.5862,8.5862,6.9167,1.2414,1.4655,1.2414,0.2083,0.2586,1,0.2759,0.069,0.0556,1,0.8056
SS1552_5.txt,5,11.8923,12.0781,8.2234,1.4462,1.8281,1.4688,0.3298,0.4844,0.9846,0.3906,0.0938,0.0638,1.7031,1.1596
SS1553_7.txt,7,15.8136,15.2951,9.6186,1.6441,2.0492,1.5902,0.3402,0.541,1.0339,0.4426,0.1639,0.1031,2.1311,1.3402
SS1554_9.txt,9,17.9828,16.8226,10.6429,1.6897,2.0161,1.5806,0.3469,0.5484,1.069,0.4194,0.3548,0.2245,2.1774,1.3776
SS1555_12.txt,12,25.0909,23.4894,11.1515,2.25,2.6596,2.1064,0.4646,0.9787,1.0682,0.5532,0.617,0.2929,3.2128,1.5253
SS1556_3.txt,3,8.3208,8.3208,6.4853,1.283,1.3962,1.283,0.2206,0.283,1,0.2453,0.1509,0.1176,0.9245,0.7206
SS1557_5.txt,5,12.6545,12.4286,7.4839,1.6909,1.8929,1.6607,0.3978,0.6607,1.0182,0.4464,0.3036,0.1828,1.4821,0.8925
SS1558_7.txt,7,16.3091,15.4655,8.4623,1.9273,2,1.8276,0.434,0.7931,1.0545,0.5517,0.3793,0.2075,2.1379,1.1698
SS1559_9.txt,9,19.54,17.7636,8.8018,2.22,2.2182,2.0182,0.4865,0.9818,1.1,0.6545,0.4364,0.2162,2.6182,1.2973
SS1560_12.txt,12,22.8372,22.3182,9.2642,2.4651,2.6818,2.4091,0.5094,1.2273,1.0233,0.7955,0.5682,0.2358,3.2045,1.3302
SS1561_3.txt,3,9.1562,9.4516,7.5128,1.2188,1.4355,1.2581,0.1923,0.2419,0.9688,0.2097,0.2419,0.1923,0.9194,0.7308
SS1562_5.txt,5,11.9412,12.4286,9.5156,1.2549,1.4898,1.3061,0.2031,0.2653,0.9608,0.2653,0.449,0.3438,1.449,1.1094
SS1563_7.txt,7,14.5128,14.8947,12.0426,1.2051,1.5,1.2368,0.1489,0.1842,0.9744,0.1842,0.6053,0.4894,1.7895,1.4468
SS1564_9.txt,9,16.8438,17.9667,13.8205,1.2188,1.6333,1.3,0.1538,0.2,0.9375,0.2,0.7333,0.5641,2.2,1.6923
SS1565_12.txt,12,18.16,19.7391,14.1875,1.28,1.6522,1.3913,0.1875,0.2609,0.92,0.2609,0.8696,0.625,2.3913,1.7188
SS1566_3.txt,3,8.4651,8.4651,6.7407,1.2558,1.5814,1.2558,0.2222,0.2791,1,0.2558,0.1163,0.0926,0.8372,0.6667
SS1567_5.txt,5,11.7258,11.7258,8.3563,1.4032,1.8387,1.4032,0.2874,0.4032,1,0.371,0.2581,0.1839,1.5,1.069
SS1568_7.txt,7,15.1864,14.6885,9.2371,1.6441,2.2459,1.5902,0.3402,0.541,1.0339,0.3934,0.3934,0.2474,1.7869,1.1237
SS1569_9.txt,9,18.4082,18.04,10.3678,1.7755,2.66,1.74,0.4023,0.7,1.0204,0.52,0.5,0.2874,2.3,1.3218
SS1570_12.txt,12,23.9118,21.973,11.137,2.1471,3.0541,1.973,0.4384,0.8649,1.0882,0.5676,0.6486,0.3288,3.0541,1.5479
SS1571_3.txt,3,8.9375,9.3261,7.5263,1.1875,1.4348,1.2391,0.1754,0.2174,0.9583,0.2174,0.1087,0.0877,1.2609,1.0175
SS1572_5.txt,5,11.9655,12.1754,9.2533,1.2931,1.5439,1.3158,0.24,0.3158,0.9828,0.2632,0.2456,0.1867,1.5088,1.1467
SS1573_7.txt,7,14.9322,14.4426,9.5761,1.5593,1.8197,1.5082,0.3478,0.5246,1.0339,0.377,0.2951,0.1957,1.8361,1.2174
SS1574_9.txt,9,17.5439,16.6667,10.7527,1.6316,2.0167,1.55,0.3333,0.5167,1.0526,0.3833,0.3167,0.2043,2.3,1.4839
SS1575_12.txt,12,21.9881,17.7596,10.7384,2.0476,2.1058,1.6538,0.2965,0.4904,1.2381,0.3654,0.4135,0.25,2.3462,1.4186
SS1576_3.txt,3,9.898,9.898,5.7738,1.7143,2.0612,1.7143,0.3333,0.5714,1,0.4286,0.0816,0.0476,0.8163,0.4762
SS1577_7.txt,5,12.4167,12.2131,7.0952,1.75,2.2295,1.7213,0.3429,0.5902,1.0167,0.4098,0.2131,0.1238,1.082,0.6286
SS1578_7.txt,7,15.8727,14.7966,7.8649,2.0182,2.4407,1.8814,0.3694,0.6949,1.0727,0.4407,0.2881,0.1532,1.5424,0.8198
SS1579_9.txt,9,18.9375,17.8235,8.8252,2.1458,2.7451,2.0196,0.4078,0.8235,1.0625,0.5098,0.4118,0.2039,1.7451,0.8641
SS1580_12.txt,12,21.4103,19.881,9.1758,2.3333,2.9286,2.1667,0.3846,0.8333,1.0769,0.5476,0.5,0.2308,2.1667,1
SS1581_3.txt,3,8.2982,8.7593,7.629,1.0877,1.2222,1.1481,0.1613,0.1852,0.9474,0.1852,0.2778,0.2419,1.2963,1.129
SS1582_5.txt,5,11.3968,11.7705,9.3247,1.2222,1.4426,1.2623,0.2468,0.3115,0.9683,0.2623,0.4262,0.3377,1.7377,1.3766
SS1583_7.txt,7,15.1364,15.6094,10.5158,1.4394,1.8906,1.4844,0.3579,0.5312,0.9697,0.4062,0.5781,0.3895,2.4219,1.6316
SS1584_9.txt,9,17.9672,17.9672,11.0707,1.623,2.1475,1.623,0.404,0.6557,1,0.5082,0.7541,0.4646,2.7541,1.697
SS1585_12.txt,12,25.4603,23.5882,14.3214,1.7778,2.2941,1.6471,0.4286,0.7059,1.0794,0.5,1.2206,0.7411,3.7059,2.25
SS1586_3.txt,3,8.25,8.25,5.8022,1.4219,1.75,1.4219,0.2857,0.4062,1,0.3438,0.0312,0.022,0.8906,0.6264
SS1587_5.txt,5,11.6774,11.3125,7.098,1.6452,2.0938,1.5938,0.3725,0.5938,1.0323,0.4531,0.1562,0.098,1.2656,0.7941
SS1588_7.txt,7,14.6774,13.7879,7.913,1.8548,2.2727,1.7424,0.3826,0.6667,1.0645,0.4848,0.3333,0.1913,1.5606,0.8957
SS1589_9.txt,9,18,17.0357,8.6727,2.0755,2.75,1.9643,0.4818,0.9464,1.0566,0.625,0.4643,0.2364,2.125,1.0818
SS1590_12.txt,12,23.4865,22.8684,10.1047,2.3243,3.3684,2.2632,0.5116,1.1579,1.027,0.7105,0.8158,0.3605,2.8684,1.2674
SS1591_3.txt,3,8.8298,9.0217,6.194,1.4255,1.7391,1.4565,0.194,0.2826,0.9787,0.2826,0.0652,0.0448,1.1739,0.806
SS1592_5.txt,5,12.1429,12.3636,7.7273,1.5714,1.9455,1.6,0.3068,0.4909,0.9821,0.4545,0.1818,0.1136,1.4727,0.9205
SS1593_7.txt,7,15.2909,15.0179,8.5816,1.7818,2.3571,1.75,0.3571,0.625,1.0182,0.5536,0.2857,0.1633,2,1.1429
SS1594_9.txt,9,17.9111,18.7442,9.5952,1.8667,2.7442,1.9535,0.4286,0.8372,0.9556,0.6279,0.3023,0.1548,2.6744,1.369
SS1595_12.txt,12,25.4,23.8125,9.6456,2.6333,3.5625,2.4688,0.481,1.1875,1.0667,0.8125,0.375,0.1519,3.4375,1.3924
SS1596_3.txt,3,8.9375,8.9375,6.8095,1.3125,1.6094,1.3125,0.2143,0.2812,1,0.2656,0.1875,0.1429,0.7812,0.5952
SS1597_5.txt,5,12.2034,12.2034,7.9121,1.5424,1.9492,1.5424,0.3187,0.4915,1,0.3729,0.2542,0.1648,1.2034,0.7802
SS1598_7.txt,7,15.4151,15.7115,8.5104,1.8113,2.2885,1.8462,0.3542,0.6538,0.9811,0.5,0.4038,0.2188,1.7115,0.9271
SS1599_9.txt,9,18.0222,16.8958,8.4479,2.1333,2.4792,2,0.4271,0.8542,1.0667,0.6458,0.3958,0.1979,1.8333,0.9167
SS1600_12.txt,12,21.0769,19.1163,8.6526,2.4359,2.6744,2.2093,0.4526,1,1.1026,0.6047,0.4186,0.1895,2.0698,0.9368
SS1601_3.txt,3,8.5455,8.7037,7.8333,1.0909,1.2593,1.1111,0.1167,0.1296,0.9818,0.1111,0.1111,0.1,0.8889,0.8
SS1602_5.txt,5,11.807,12.2364,9.8971,1.193,1.4545,1.2364,0.1471,0.1818,0.9649,0.1455,0.2182,0.1765,1.3273,1.0735
SS1603_7.txt,7,15,15.6383,11.6667,1.2857,1.6809,1.3404,0.2063,0.2766,0.9592,0.2128,0.3191,0.2381,1.8723,1.3968
SS1604_9.txt,9,17.2927,18.1795,12.4386,1.3902,1.9231,1.4615,0.2632,0.3846,0.9512,0.2308,0.3846,0.2632,2.2308,1.5263
SS1605_12.txt,12,28.6957,26.4,13.75,2.087,2.76,1.92,0.3958,0.76,1.087,0.52,0.52,0.2708,3.28,1.7083
SS1606_3.txt,3,8.6923,8.6923,7.3696,1.1795,1.3974,1.1795,0.1413,0.1667,1,0.1667,0.2051,0.1739,0.9103,0.7717
SS1607_5.txt,5,11.7083,11.7083,8.43,1.3889,1.7639,1.3889,0.23,0.3194,1,0.2917,0.3333,0.24,1.375,0.99
SS1608_7.txt,7,15.5373,15.087,9.9143,1.5672,1.942,1.5217,0.2857,0.4348,1.0299,0.3478,0.5797,0.381,1.8841,1.2381
SS1609_9.txt,9,18.9483,18.0164,10.5673,1.7931,2.2131,1.7049,0.3462,0.5902,1.0517,0.4426,0.6393,0.375,2.4262,1.4231
SS1610_12.txt,12,24.4222,22.8958,11.5684,2.1111,2.625,1.9792,0.4,0.7917,1.0667,0.6042,0.8542,0.4316,3.0208,1.5263
SS1611_3.txt,3,9.2955,9.2955,6.0147,1.5455,1.75,1.5455,0.2941,0.4545,1,0.4091,0.0909,0.0588,1.1364,0.7353
SS1612_5.txt,5,12.9245,12.6852,6.85,1.8868,2.0556,1.8519,0.33,0.6111,1.0189,0.463,0.1111,0.06,1.4815,0.8
SS1613_7.txt,7,15.1765,15.1765,7.6634,1.9804,2.2745,1.9804,0.4059,0.8039,1,0.5098,0.1961,0.099,1.9804,1
SS1614_9.txt,9,18.8182,18.1579,9,2.0909,2.4561,2.0175,0.3739,0.7544,1.0364,0.5088,0.2105,0.1043,2.3333,1.1565
SS1615_12.txt,12,22.6447,21.5125,9.1543,2.4737,2.9375,2.35,0.4574,1.075,1.0526,0.5625,0.2875,0.1223,3.0625,1.3032
SS1616_3.txt,3,8.2455,8.3981,8.0982,1.0182,1.2685,1.037,0.0446,0.0463,0.9818,0.0463,0.1759,0.1696,0.9537,0.9196
SS1617_5.txt,5,12.2471,12.3929,10.0096,1.2235,1.6667,1.2381,0.1923,0.2381,0.9882,0.2143,0.3333,0.2692,1.5119,1.2212
SS1618_7.txt,7,15.0541,15.2603,11.6042,1.2973,1.8219,1.3151,0.2604,0.3425,0.9865,0.2877,0.3973,0.3021,2.2192,1.6875
SS1619_9.txt,9,18.3125,18.6032,13.6279,1.3438,1.9683,1.3651,0.314,0.4286,0.9844,0.3333,0.4762,0.3488,2.6825,1.9651
SS1620_12.txt,12,25.0769,25.0769,15.3412,1.6346,2.5,1.6346,0.4118,0.6731,1,0.5,0.7692,0.4706,3.75,2.2941
SS1621_3.txt,3,8.4355,8.5738,6.9733,1.2097,1.5082,1.2295,0.1867,0.2295,0.9839,0.1967,0.0328,0.0267,0.9016,0.7333
SS1622_5.txt,5,11.7538,12.3226,8.3956,1.4,1.871,1.4677,0.3077,0.4516,0.9538,0.3387,0.1935,0.1319,1.5,1.022
SS1623_7.txt,7,14.25,14.5091,8.9663,1.5893,2.0182,1.6182,0.3708,0.6,0.9821,0.4182,0.3091,0.191,1.9091,1.1798
SS1624_9.txt,9,17.3654,17.3654,9.7097,1.7885,2.25,1.7885,0.4194,0.75,1,0.4615,0.4423,0.2473,2.2308,1.2473
SS1625_12.txt,12,24.5,24.5,12.8154,1.9118,2.5,1.9118,0.3385,0.6471,1,0.5,0.8824,0.4615,3.2941,1.7231
SS1626_3.txt,3,8.3056,8.4225,6.7955,1.2222,1.4085,1.2394,0.2045,0.2535,0.9861,0.2394,0.1549,0.125,1.1831,0.9545
SS1627_5.txt,5,11.2167,11.0328,8.7403,1.2833,1.541,1.2623,0.2208,0.2787,1.0167,0.2623,0.2623,0.2078,1.7705,1.4026
SS1628_7.txt,7,15.5,14.88,9.5385,1.625,1.86,1.56,0.2564,0.4,1.0417,0.32,0.4,0.2564,2.24,1.4359
SS1629_9.txt,9,18.2692,17.5926,10.9195,1.6731,1.963,1.6111,0.2759,0.4444,1.0385,0.3148,0.4815,0.2989,2.6667,1.6552
SS1630_12.txt,12,26.9483,25.2097,11.5778,2.3276,2.629,2.1774,0.3778,0.8226,1.069,0.4839,0.7097,0.3259,3.6613,1.6815
SS1631_3.txt,3,8.8421,9.1636,7,1.2632,1.6545,1.3091,0.2222,0.2909,0.9649,0.2364,0.0909,0.0694,0.9273,0.7083
SS1632_5.txt,5,11.8636,12.0462,8.1562,1.4545,1.9538,1.4769,0.2812,0.4154,0.9848,0.3385,0.1846,0.125,1.3231,0.8958
SS1633_7.txt,7,14.5634,14.7714,9.4,1.5493,2.1429,1.5714,0.3,0.4714,0.9859,0.3571,0.2571,0.1636,1.8429,1.1727
SS1634_9.txt,9,18.0806,17.5156,10.4766,1.7258,2.3594,1.6719,0.3364,0.5625,1.0323,0.4062,0.3438,0.2056,2.2188,1.3271
SS1635_12.txt,12,24.1818,22.8,10.9315,2.2121,3.1857,2.0857,0.4178,0.8714,1.0606,0.5143,0.5143,0.2466,2.8429,1.363
SS1636_3.txt,3,8.5412,8.3448,7.1881,1.1882,1.3793,1.1609,0.1683,0.1954,1.0235,0.1839,0.1034,0.0891,0.8736,0.7525
SS1637_5.txt,5,11.8471,11.8471,8.121,1.4588,1.8353,1.4588,0.2742,0.4,1,0.3765,0.1647,0.1129,1.3529,0.9274
SS1638_7.txt,7,14.4756,14.3012,8.3592,1.7317,2.1205,1.7108,0.3239,0.5542,1.0122,0.4578,0.2771,0.162,1.7349,1.0141
SS1639_9.txt,9,17.2987,17.2987,9.3147,1.8571,2.3377,1.8571,0.3636,0.6753,1,0.5325,0.3506,0.1888,2.2468,1.2098
SS1640_12.txt,12,22.8819,20.0414,9.7517,2.3465,2.6828,2.0552,0.4128,0.8483,1.1417,0.5793,0.4,0.1946,2.4621,1.198
SS1641_3.txt,3,8.6667,8.0889,6.386,1.3571,1.4889,1.2667,0.2281,0.2889,1.0714,0.2,0.0444,0.0351,0.6889,0.5439
SS1642_5.txt,5,12.3636,12.5926,7.1579,1.7273,2.0556,1.7593,0.3895,0.6852,0.9818,0.4815,0.1667,0.0947,1.6481,0.9368
SS1643_7.txt,7,15.0755,14.5273,8.5,1.7736,2.1091,1.7091,0.3723,0.6364,1.0377,0.5091,0.2727,0.1596,1.8909,1.1064
SS1644_9.txt,9,17.1607,16.8596,8.8981,1.9286,2.2982,1.8947,0.3981,0.7544,1.0179,0.5439,0.3333,0.1759,2.2105,1.1667
SS1645_12.txt,12,20.8444,19.5417,9.8737,2.1111,2.5,1.9792,0.4316,0.8542,1.0667,0.5625,0.3333,0.1684,2.7083,1.3684
SS1646_3.txt,3,9.2683,9.5,7.9167,1.1707,1.575,1.2,0.1458,0.175,0.9756,0.15,0,0,1.05,0.875
SS1647_5.txt,5,12.8824,12.6346,9.3857,1.3725,1.7692,1.3462,0.2143,0.2885,1.0196,0.2115,0.0385,0.0286,1.25,0.9286
SS1648_7.txt,7,15.8333,15,9.7159,1.6296,2.0175,1.5439,0.3409,0.5263,1.0556,0.4035,0.0877,0.0568,1.5789,1.0227
SS1649_9.txt,9,18.4906,17.8182,9.8,1.8868,2.4182,1.8182,0.41,0.7455,1.0377,0.5455,0.1455,0.08,1.8545,1.02
SS1650_12.txt,12,22.9348,21.5306,9.6789,2.3696,2.9796,2.2245,0.4679,1.0408,1.0652,0.6327,0.2245,0.1009,2.449,1.1009
SS1651_3.txt,3,9.4828,9.4828,6.962,1.3621,1.7069,1.3621,0.1772,0.2414,1,0.1897,0.1207,0.0886,0.931,0.6835
SS1652_5.txt,5,12.6207,12.2,8.7143,1.4483,1.9,1.4,0.2262,0.3167,1.0345,0.2833,0.2667,0.1905,1.2167,0.869
SS1653_7.txt,7,14.8644,14.8644,10.5663,1.4068,2,1.4068,0.2289,0.322,1,0.2542,0.3898,0.2771,1.6441,1.1687
SS1654_9.txt,9,17.9149,17.9149,11.6944,1.5319,2.2979,1.5319,0.2778,0.4255,1,0.2553,0.5957,0.3889,1.9362,1.2639
SS1655_12.txt,12,21.7273,21.0882,13.5283,1.6061,2.5,1.5588,0.2642,0.4118,1.0303,0.2647,0.6765,0.434,2.3529,1.5094
SS1656_3.txt,3,8.9796,8.9796,6.4706,1.3878,1.6735,1.3878,0.1176,0.1633,1,0.1633,0.0408,0.0294,0.9388,0.6765
SS1657_5.txt,5,12.2698,12.2698,7.73,1.5873,2,1.5873,0.18,0.2857,1,0.2381,0.1905,0.12,1.4921,0.94
SS1658_7.txt,7,14.9846,13.7183,8.6195,1.7385,2.0423,1.5915,0.1947,0.3099,1.0923,0.2817,0.1831,0.115,1.7465,1.0973
SS1659_9.txt,9,17.3115,14.8732,8.9492,1.9344,2.1408,1.662,0.2373,0.3944,1.1639,0.3239,0.2394,0.1441,2.0423,1.2288
SS1660_12.txt,12,19.9516,16.2763,9.0956,2.1935,2.3421,1.7895,0.2794,0.5,1.2258,0.3816,0.2763,0.1544,2.0658,1.1544
SS1661_3.txt,3,8.75,8.75,6.5254,1.3409,1.6136,1.3409,0.2203,0.2955,1,0.2955,0.0909,0.0678,1.0455,0.7797
SS1662_5.txt,5,11.5441,11.0563,7.4057,1.5588,1.7746,1.493,0.2642,0.3944,1.0441,0.3662,0.2254,0.1509,1.2254,0.8208
SS1663_7.txt,7,15.5246,14.7969,8.1638,1.9016,2.2188,1.8125,0.3448,0.625,1.0492,0.5312,0.3281,0.181,1.8281,1.0086
SS1664_9.txt,9,18.9464,18.2931,8.9915,2.1071,2.5172,2.0345,0.4068,0.8276,1.0357,0.6552,0.5,0.2458,2.1379,1.0508
SS1665_12.txt,12,20.5714,18.9474,9.2903,2.2143,2.6053,2.0395,0.3935,0.8026,1.0857,0.5921,0.5526,0.271,2.1447,1.0516
SS1666_3.txt,3,7.2373,7.3621,5.8493,1.2373,1.5,1.2586,0.2192,0.2759,0.9831,0.2586,0.1034,0.0822,0.7759,0.6164
SS1667_5.txt,5,10.2794,10.4328,6.4722,1.5882,1.9552,1.6119,0.3704,0.597,0.9853,0.4776,0.2239,0.1389,1.0149,0.6296
SS1668_7.txt,7,13.9844,13.9844,7.9204,1.7656,2.3594,1.7656,0.4071,0.7188,1,0.5,0.4375,0.2478,1.3594,0.7699
SS1669_9.txt,9,17.3103,17.0169,8.2295,2.1034,2.7966,2.0678,0.4508,0.9322,1.0172,0.5763,0.5424,0.2623,1.8136,0.877
SS1670_12.txt,12,23.5,19.74,9.055,2.5952,3.1,2.18,0.4954,1.08,1.1905,0.58,0.64,0.2936,2.16,0.9908
SS1671_3.txt,3,9.1176,9.3,6.6429,1.3725,1.68,1.4,0.2857,0.4,0.9804,0.32,0.04,0.0286,1,0.7143
SS1672_5.txt,5,11.7414,11.7414,7.6517,1.5345,1.9655,1.5345,0.3258,0.5,1,0.4138,0.1552,0.1011,1.4138,0.9213
SS1673_7.txt,7,15.5424,15.2833,8.6509,1.7966,2.35,1.7667,0.3491,0.6167,1.0169,0.4333,0.2667,0.1509,1.7667,1
SS1674_9.txt,9,18.5091,17.5517,9.2545,2,2.5345,1.8966,0.4182,0.7931,1.0545,0.5172,0.3966,0.2091,2.1207,1.1182
SS1675_12.txt,12,21.7,19.7273,9.1176,2.38,2.8,2.1636,0.4538,0.9818,1.1,0.6364,0.4545,0.2101,2.3818,1.1008
SS1676_3.txt,3,8.9792,9.1702,7.3051,1.2292,1.5957,1.2553,0.2034,0.2553,0.9792,0.234,0.1277,0.1017,0.8085,0.6441
SS1677_5.txt,5,11.7,11.7,8.8861,1.3167,1.6167,1.3167,0.2152,0.2833,1,0.2667,0.2167,0.1646,1.3333,1.0127
SS1678_7.txt,7,14.4839,14.7213,10.0899,1.4355,1.8033,1.459,0.2697,0.3934,0.9839,0.3115,0.3607,0.2472,1.9016,1.3034
SS1679_9.txt,9,16.9818,17.2963,11.5309,1.4727,1.9259,1.5,0.2963,0.4444,0.9818,0.3333,0.5185,0.3457,2.2778,1.5185
SS1680_12.txt,12,23.7353,24.4545,12.8095,1.8529,2.6667,1.9091,0.3651,0.697,0.9706,0.5455,0.697,0.3651,3.303,1.7302
SS1681_3.txt,3,8.4423,8.9592,6.2714,1.3462,1.9184,1.4286,0.2857,0.4082,0.9423,0.3265,0.0612,0.0429,0.7959,0.5571
SS1682_5.txt,5,11.3,11.6897,8.475,1.3333,1.8966,1.3793,0.1875,0.2586,0.9667,0.2241,0.3793,0.275,1.2069,0.875
SS1683_7.txt,7,14.623,14.3871,9.4894,1.541,2.0484,1.5161,0.234,0.3548,1.0164,0.2742,0.5,0.3298,1.7742,1.1702
SS1684_9.txt,9,17.8909,16.678,10.8132,1.6545,2.1695,1.5424,0.2527,0.3898,1.0727,0.3559,0.5932,0.3846,2.1356,1.3846
SS1685_12.txt,12,21.6739,18.8113,12.4625,1.7391,2.434,1.5094,0.3125,0.4717,1.1522,0.4151,0.6981,0.4625,2.4151,1.6
SS1686_3.txt,3,8.7755,8.7755,5.443,1.6122,1.7959,1.6122,0.3165,0.5102,1,0.4286,0.0816,0.0506,0.7959,0.4937
SS1687_5.txt,5,11.4912,12.1296,7.2778,1.5789,1.9815,1.6667,0.2889,0.4815,0.9474,0.4259,0.2963,0.1778,1.1667,0.7
SS1688_7.txt,7,13.8298,14.1304,7.4713,1.8511,2.2174,1.8913,0.3103,0.587,0.9787,0.5217,0.413,0.2184,1.6957,0.8966
SS1689_9.txt,9,17.8333,18.3429,8.56,2.0833,2.7429,2.1429,0.36,0.7714,0.9722,0.6286,0.6571,0.3067,2.2571,1.0533
SS1690_12.txt,12,22.8462,23.76,9.2812,2.4615,3.56,2.56,0.4844,1.24,0.9615,0.76,0.96,0.375,2.92,1.1406
SS1691_3.txt,3,8.6404,8.7386,6.3033,1.3708,1.6023,1.3864,0.1885,0.2614,0.9888,0.2045,0.0795,0.0574,0.9659,0.6967
SS1692_5.txt,5,12.1184,11.961,8.0087,1.5132,1.7403,1.4935,0.2522,0.3766,1.0132,0.3117,0.2597,0.1739,1.5455,1.0348
SS1693_7.txt,7,14.443,14.2625,8.7099,1.6582,2.05,1.6375,0.2977,0.4875,1.0127,0.3625,0.4125,0.2519,1.825,1.1145
SS1694_9.txt,9,17.9143,16.9459,9.9524,1.8,2.1622,1.7027,0.3254,0.5541,1.0571,0.4189,0.4189,0.246,2.3108,1.3571
SS1695_12.txt,12,27.5854,22.396,10.9806,2.5122,2.5347,2.0396,0.3981,0.8119,1.2317,0.5347,0.901,0.4417,3,1.4709
SS1696_3.txt,3,9.2308,9.4118,6.4,1.4423,1.8235,1.4706,0.2933,0.4314,0.9808,0.3137,0.3137,0.2133,0.7647,0.52
SS1697_5.txt,5,12.1224,12.1224,8.027,1.5102,2.0204,1.5102,0.2703,0.4082,1,0.3265,0.4082,0.2703,1.102,0.7297
SS1698_7.txt,7,15.1,15.4872,8.6286,1.75,2.2308,1.7949,0.3,0.5385,0.975,0.4359,0.5385,0.3,1.5385,0.8571
SS1699_9.txt,9,17.0286,17.0286,9.0303,1.8857,2.3429,1.8857,0.3182,0.6,1,0.4286,0.6,0.3182,1.7714,0.9394
SS1700_12.txt,12,27.5556,24.8,10.1224,2.7222,3.05,2.45,0.4694,1.15,1.1111,0.6,0.8,0.3265,2.65,1.0816
SS1701_3.txt,3,9.0345,9.0345,7.1781,1.2586,1.6034,1.2586,0.1644,0.2069,1,0.2069,0.1034,0.0822,1,0.7945
SS1702_5.txt,5,11.6667,12.25,8.8554,1.3175,1.7833,1.3833,0.2169,0.3,0.9524,0.2667,0.2,0.1446,1.5333,1.1084
SS1703_7.txt,7,14.6066,14.6066,9.5806,1.5246,2.0984,1.5246,0.2796,0.4262,1,0.3279,0.2623,0.172,1.9672,1.2903
SS1704_9.txt,9,17.6863,17.3462,9.9121,1.7843,2.4615,1.75,0.3736,0.6538,1.0196,0.4808,0.3654,0.2088,2.3654,1.3516
SS1705_12.txt,12,23.7222,23.0811,11.0909,2.1389,3.0811,2.0811,0.4416,0.9189,1.0278,0.5405,0.5676,0.2727,3.1622,1.5195
SS1706_3.txt,3,8.58,8.7551,7.2712,1.18,1.3878,1.2041,0.1525,0.1837,0.98,0.1837,0.1429,0.1186,0.7551,0.6271
SS1707_5.txt,5,11.5517,11.5517,8.9333,1.2931,1.6379,1.2931,0.2267,0.2931,1,0.2241,0.1897,0.1467,1.2414,0.96
SS1708_7.txt,7,14.875,14.5714,9.52,1.5625,1.9388,1.5306,0.3467,0.5306,1.0208,0.4082,0.2653,0.1733,1.7959,1.1733
SS1709_9.txt,9,17.5238,16.3556,10.3662,1.6905,2.1333,1.5778,0.3521,0.5556,1.0714,0.4444,0.2889,0.1831,2.0889,1.3239
SS1710_12.txt,12,22.5,21.0938,10.8871,2.0667,2.5938,1.9375,0.4194,0.8125,1.0667,0.625,0.375,0.1935,2.75,1.4194
SS1711_3.txt,3,8.5,8.6667,7.3667,1.1538,1.5098,1.1765,0.15,0.1765,0.9808,0.1765,0.1765,0.15,1,0.85
SS1712_5.txt,5,11.5472,11.7692,8.5,1.3585,1.7692,1.3846,0.2639,0.3654,0.9811,0.3077,0.3654,0.2639,1.4808,1.0694
SS1713_7.txt,7,14.5,14.7636,9.4419,1.5357,1.9273,1.5636,0.314,0.4909,0.9821,0.3818,0.5273,0.3372,2,1.2791
SS1714_9.txt,9,18.4423,17.7593,10.3118,1.7885,2.1667,1.7222,0.3978,0.6852,1.0385,0.4815,0.6296,0.3656,2.4074,1.3978
SS1715_12.txt,12,21.3077,20.3676,10.9055,1.9538,2.4853,1.8676,0.4094,0.7647,1.0462,0.5882,0.7353,0.3937,2.75,1.4724
SS1716_3.txt,3,8,8,6.2703,1.2759,1.3621,1.2759,0.1892,0.2414,1,0.2241,0.0345,0.027,0.8966,0.7027
SS1717_5.txt,5,11.1538,11.1538,7.967,1.4,1.6154,1.4,0.2418,0.3385,1,0.3385,0.1692,0.1209,1.3385,0.956
SS1718_7.txt,7,14.9344,14.6935,8.7596,1.7049,2.0806,1.6774,0.3269,0.5484,1.0164,0.4677,0.2903,0.1731,1.7419,1.0385
SS1719_9.txt,9,18.5273,17.569,9.0177,2.0545,2.4655,1.9483,0.354,0.6897,1.0545,0.4828,0.3966,0.2035,2.1379,1.0973
SS1720_12.txt,12,22.5122,18.46,9.23,2.439,2.58,2,0.37,0.74,1.2195,0.62,0.38,0.19,2.3,1.15
SS1721_3.txt,3,8.6047,8.8095,7.2549,1.186,1.3571,1.2143,0.1569,0.1905,0.9767,0.1667,0,0,0.9048,0.7451
SS1722_5.txt,5,11.4681,11.4681,9.9815,1.1489,1.3617,1.1489,0.1111,0.1277,1,0.1277,0.0851,0.0741,1.5319,1.3333
SS1723_7.txt,7,14.0976,14.0976,12.0417,1.1707,1.5854,1.1707,0.125,0.1463,1,0.1463,0.1951,0.1667,1.8537,1.5833
SS1724_9.txt,9,16.8108,16.8108,12.9583,1.2973,1.8649,1.2973,0.2083,0.2703,1,0.2703,0.2703,0.2083,2.2973,1.7708
SS1725_12.txt,12,24.6296,22.931,14.1489,1.7407,2.4483,1.6207,0.2553,0.4138,1.0741,0.3103,0.5172,0.3191,3.0345,1.8723
SS1726_3.txt,3,8.4697,8.7344,7.0759,1.197,1.4844,1.2344,0.2025,0.25,0.9697,0.2031,0.1406,0.1139,0.625,0.5063
SS1727_5.txt,5,11.2903,11.6667,8.2353,1.371,1.7833,1.4167,0.3059,0.4333,0.9677,0.35,0.2667,0.1882,0.9167,0.6471
SS1728_7.txt,7,14.5373,14.3235,9.549,1.5224,1.8382,1.5,0.3725,0.5588,1.0149,0.3971,0.3529,0.2353,1.2353,0.8235
SS1729_9.txt,9,18.3636,18.0357,10.5208,1.7455,2.0714,1.7143,0.3958,0.6786,1.0182,0.4821,0.5357,0.3125,1.6607,0.9688
SS1730_12.txt,12,22,18.1923,9.9579,2.2093,2.2115,1.8269,0.4211,0.7692,1.2093,0.4808,0.4423,0.2421,1.6923,0.9263
SS1731_3.txt,3,8.32,8.4324,7.0909,1.1733,1.3919,1.1892,0.1591,0.1892,0.9867,0.1622,0.2432,0.2045,0.8243,0.6932
SS1732_5.txt,5,11.5222,11.9195,9.0965,1.2667,1.6437,1.3103,0.2193,0.2874,0.9667,0.2414,0.4483,0.3421,1.3103,1
SS1733_7.txt,7,14.8902,14.7108,9.5391,1.561,1.9157,1.5422,0.3125,0.4819,1.0122,0.3494,0.4578,0.2969,1.9036,1.2344
SS1734_9.txt,9,18.5278,18.027,11.0248,1.6806,2.2162,1.6351,0.3058,0.5,1.0278,0.3784,0.5946,0.3636,2.1892,1.3388
SS1735_12.txt,12,23.2419,21.1912,11.0846,2.0968,2.5588,1.9118,0.3615,0.6912,1.0968,0.4706,0.7353,0.3846,2.9559,1.5462
SS1736_3.txt,3,8.3333,8.5106,7.4074,1.125,1.2553,1.1489,0.0926,0.1064,0.9792,0.1064,0.0851,0.0741,0.9362,0.8148
SS1737_5.txt,5,11.0161,11.0161,8.0353,1.371,1.5323,1.371,0.1765,0.2419,1,0.2258,0.2097,0.1529,1.2742,0.9294
SS1738_7.txt,7,15.1458,15.1458,9.5658,1.5833,1.8542,1.5833,0.25,0.3958,1,0.3333,0.3542,0.2237,1.7917,1.1316
SS1739_9.txt,9,18.4211,18.4211,10.7692,1.7105,2.0789,1.7105,0.3231,0.5526,1,0.4474,0.4737,0.2769,2.2368,1.3077
SS1740_12.txt,12,24.3704,23.5,11.1525,2.1852,2.75,2.1071,0.4068,0.8571,1.037,0.5714,0.5,0.2373,2.8929,1.3729
SS1741_3.txt,3,8.1765,8.5102,7.8679,1.0392,1.2857,1.0816,0.0755,0.0816,0.9608,0.0816,0.102,0.0943,0.7143,0.6604
SS1742_5.txt,5,11.1475,11.1475,8.3951,1.3279,1.6721,1.3279,0.2469,0.3279,1,0.2623,0.1639,0.1235,1.3934,1.0494
SS1743_7.txt,7,15,14.4231,9.7403,1.54,1.9615,1.4808,0.3117,0.4615,1.04,0.3846,0.3077,0.2078,1.9423,1.3117
SS1744_9.txt,9,18.275,17.4048,10.0137,1.825,2.3571,1.7381,0.3836,0.6667,1.05,0.5238,0.4048,0.2329,2.4048,1.3836
SS1745_12.txt,12,25,21.0938,11.0656,2.2593,2.7188,1.9062,0.3934,0.75,1.1852,0.5312,0.4688,0.2459,3.0938,1.623
SS1746_3.txt,3,8.6207,8.6207,7.5758,1.1379,1.4483,1.1379,0.1515,0.1724,1,0.1552,0.1034,0.0909,1.0517,0.9242
SS1747_5.txt,5,11.4194,11.6066,8.2326,1.3871,1.8689,1.4098,0.2791,0.3934,0.9839,0.3443,0.1148,0.0814,1.7377,1.2326
SS1748_7.txt,7,14.2388,14.2388,9.7347,1.4627,1.9552,1.4627,0.2959,0.4328,1,0.403,0.2985,0.2041,2.0597,1.4082
SS1749_9.txt,9,17.0345,16.4667,10.2917,1.6552,2.1333,1.6,0.2917,0.4667,1.0345,0.4167,0.4,0.25,2.35,1.4688
SS1750_12.txt,12,27.8913,23.7593,12.703,2.1957,2.6667,1.8704,0.3762,0.7037,1.1739,0.5741,0.5741,0.3069,3.6481,1.9505
SS1751_3.txt,3,8.8143,9.0735,6.7802,1.3,1.5735,1.3382,0.2088,0.2794,0.9714,0.2647,0.2353,0.1758,1.0882,0.8132
SS1752_5.txt,5,12.3906,12.2,8.3474,1.4844,1.7385,1.4615,0.2316,0.3385,1.0156,0.2923,0.3538,0.2421,1.6,1.0947
SS1753_7.txt,7,15.7,14.9524,8.8037,1.7833,2.1746,1.6984,0.3645,0.619,1.05,0.4603,0.4444,0.2617,1.873,1.1028
SS1754_9.txt,9,18.7115,15.9508,8.9266,2.0962,2.2951,1.7869,0.3853,0.6885,1.1731,0.4754,0.4918,0.2752,1.9672,1.1009
SS1755_12.txt,12,19.6458,17.7925,8.8962,2.2083,2.5472,2,0.4151,0.8302,1.1042,0.5283,0.6038,0.3019,2.1321,1.066
SS1756_3.txt,3,8.1786,8.4815,6.1067,1.3393,1.5185,1.3889,0.2533,0.3519,0.9643,0.3333,0.1481,0.1067,0.7593,0.5467
SS1757_5.txt,5,11.129,11.6949,7.1134,1.5645,1.9661,1.6441,0.3505,0.5763,0.9516,0.4407,0.2542,0.1546,1.1525,0.701
SS1758_7.txt,7,14.9444,14.9444,8.1515,1.8333,2.2407,1.8333,0.3737,0.6852,1,0.4815,0.3889,0.2121,1.463,0.798
SS1759_9.txt,9,17.881,18.3171,8.6322,2.0714,2.6098,2.122,0.4138,0.878,0.9762,0.6098,0.5122,0.2414,1.8049,0.8506
SS1760_12.txt,12,20.0556,18.5128,8.5952,2.3333,2.5897,2.1538,0.3929,0.8462,1.0833,0.5897,0.5385,0.25,1.8974,0.881
SS1761_3.txt,3,8.2581,8.127,6.7368,1.2258,1.4603,1.2063,0.1447,0.1746,1.0161,0.1587,0.127,0.1053,0.6984,0.5789
SS1762_5.txt,5,11.2464,11.0857,8.1684,1.3768,1.6571,1.3571,0.2105,0.2857,1.0145,0.2429,0.2857,0.2105,1.1571,0.8526
SS1763_7.txt,7,14,13.5821,9.3814,1.4923,1.8209,1.4478,0.268,0.3881,1.0308,0.3284,0.403,0.2784,1.5672,1.0825
SS1764_9.txt,9,17.1897,15.3385,10.0707,1.7069,2.0462,1.5231,0.303,0.4615,1.1207,0.3538,0.4923,0.3232,1.7077,1.1212
SS1765_12.txt,12,20.1964,18.541,10.9806,1.8393,2.3443,1.6885,0.3786,0.6393,1.0893,0.4426,0.6066,0.3592,2.2295,1.3204
SS1766_3.txt,3,9.2895,9.2895,6.3036,1.4737,1.7632,1.4737,0.3571,0.5263,1,0.3947,0.1579,0.1071,0.9211,0.625
SS1767_5.txt,5,12.3878,12.14,7.7821,1.5918,1.96,1.56,0.3718,0.58,1.0204,0.38,0.32,0.2051,1.5,0.9615
SS1768_7.txt,7,15.48,14.0727,9,1.72,2.1091,1.5636,0.3721,0.5818,1.1,0.3818,0.1818,0.1163,1.8727,1.1977
SS1769_9.txt,9,18.7209,17.1277,9.4706,1.9767,2.4681,1.8085,0.4235,0.766,1.093,0.5319,0.2766,0.1529,2.2766,1.2588
SS1770_12.txt,12,22.5758,19.1026,10.3472,2.1818,2.5641,1.8462,0.4167,0.7692,1.1818,0.5385,0.2564,0.1389,2.5385,1.375
SS1771_3.txt,3,8.7193,8.875,7,1.2456,1.5179,1.2679,0.2394,0.3036,0.9825,0.2679,0.1607,0.1268,0.6786,0.5352
SS1772_5.txt,5,12.5231,12.5231,8.4792,1.4769,1.9077,1.4769,0.3125,0.4615,1,0.3692,0.3385,0.2292,1.1231,0.7604
SS1773_7.txt,7,15.7627,16.0345,9.7895,1.6102,2.2069,1.6379,0.3579,0.5862,0.9831,0.4655,0.4483,0.2737,1.4655,0.8947
SS1774_9.txt,9,18.4902,19.2449,10.25,1.8039,2.6122,1.8776,0.4239,0.7959,0.9608,0.5306,0.5306,0.2826,1.7347,0.9239
SS1775_12.txt,12,20.95,20.439,9.5227,2.2,2.8293,2.1463,0.4432,0.9512,1.025,0.6098,0.5122,0.2386,1.6829,0.7841
SS1776_3.txt,3,9.325,9.325,6.5439,1.425,1.7,1.425,0.2982,0.425,1,0.35,0.075,0.0526,1.025,0.7193
SS1777_5.txt,5,13.1091,13.1091,8.2874,1.5818,2,1.5818,0.3448,0.5455,1,0.4364,0.2545,0.1609,1.6545,1.046
SS1778_7.txt,7,16.0577,15.1818,8.9785,1.7885,2.2,1.6909,0.3656,0.6182,1.0577,0.4727,0.2364,0.1398,1.9636,1.1613
SS1779_9.txt,9,18.102,17.0577,9.6413,1.8776,2.25,1.7692,0.337,0.5962,1.0612,0.5,0.2692,0.1522,2.1923,1.2391
SS1780_12.txt,12,21.1667,18.5854,9.525,2.2222,2.4634,1.9512,0.35,0.6829,1.1389,0.5122,0.2195,0.1125,2.6098,1.3375
SS1781_3.txt,3,8.5714,8.6957,6.25,1.3714,1.6087,1.3913,0.2083,0.2899,0.9857,0.2319,0.058,0.0417,0.971,0.6979
SS1782_5.txt,5,12.2034,12,6.9231,1.7627,1.9667,1.7333,0.3462,0.6,1.0169,0.4833,0.0833,0.0481,1.4333,0.8269
SS1783_7.txt,7,15.614,15.0847,7.6724,2.0351,2.1864,1.9661,0.4397,0.8644,1.0351,0.5763,0.2034,0.1034,1.8814,0.9569
SS1784_9.txt,9,18.7115,18.0185,8.4609,2.2115,2.3889,2.1296,0.487,1.037,1.0385,0.6296,0.2778,0.1304,2.2778,1.0696
SS1785_12.txt,12,21.4615,20.925,9,2.3846,2.625,2.325,0.4731,1.1,1.0256,0.675,0.25,0.1075,2.725,1.172
SS1786_3.txt,3,8.375,8.8491,7.6885,1.0893,1.4906,1.1509,0.1311,0.1509,0.9464,0.1509,0.1132,0.0984,0.7736,0.6721
SS1787_5.txt,5,10.697,10.697,9.0513,1.1818,1.4091,1.1818,0.141,0.1667,1,0.1667,0.2879,0.2436,1.0758,0.9103
SS1788_7.txt,7,13.9206,14.1452,10.0805,1.381,1.7419,1.4032,0.2299,0.3226,0.9841,0.2903,0.4194,0.2989,1.6935,1.2069
SS1789_9.txt,9,17.1053,16.8103,10.8333,1.5789,1.9483,1.5517,0.3,0.4655,1.0175,0.3621,0.5345,0.3444,2.1552,1.3889
SS1790_12.txt,12,23.5588,21.6486,11.5252,2.0441,2.527,1.8784,0.4173,0.7838,1.0882,0.5405,0.7027,0.3741,2.8108,1.4964
SS1791_3.txt,3,8.7143,8.8727,6.8732,1.2679,1.5273,1.2909,0.2254,0.2909,0.9821,0.2545,0.1818,0.1408,0.8727,0.6761
SS1792_5.txt,5,11.7447,11.7447,7.6667,1.5319,1.9149,1.5319,0.3333,0.5106,1,0.4043,0.2766,0.1806,1.5106,0.9861
SS1793_7.txt,7,14.825,15.2051,10.0508,1.475,2.2051,1.5128,0.3051,0.4615,0.975,0.4359,0.2821,0.1864,2,1.322
SS1794_9.txt,9,17.9677,18.5667,11.8511,1.5161,2.4667,1.5667,0.2553,0.4,0.9677,0.4,0.3,0.1915,2.5667,1.6383
SS1795_12.txt,12,21.9565,21.9565,12.9487,1.6957,2.8696,1.6957,0.3077,0.5217,1,0.4783,0.4348,0.2564,3.3478,1.9744
SS1796_3.txt,3,9.5111,9.7273,6.0282,1.5778,1.9773,1.6136,0.2676,0.4318,0.9778,0.3409,0.0682,0.0423,0.9091,0.5634
SS1797_5.txt,5,12.9057,13.1538,6.9796,1.8491,2.3077,1.8846,0.3571,0.6731,0.9811,0.4423,0.1346,0.0714,1.6154,0.8571
SS1798_7.txt,7,16.8148,16.5091,8.3303,2.0185,2.3818,1.9818,0.3761,0.7455,1.0185,0.4909,0.3455,0.1743,2.3455,1.1835
SS1799_9.txt,9,20.2444,18.5918,8.9314,2.2667,2.5714,2.0816,0.402,0.8367,1.0889,0.551,0.3469,0.1667,2.6735,1.2843
SS1800_12.txt,12,25.3235,23.2703,9.3587,2.7059,3.0541,2.4865,0.4348,1.0811,1.0882,0.6486,0.4865,0.1957,3.2973,1.3261
SS1801_3.txt,3,8.7966,8.65,6.8289,1.2881,1.4167,1.2667,0.1579,0.2,1.0169,0.1833,0.0833,0.0658,0.9333,0.7368
SS1802_5.txt,5,11.9677,11.9677,8.5287,1.4032,1.7258,1.4032,0.2529,0.3548,1,0.3387,0.0806,0.0575,1.5161,1.0805
SS1803_7.txt,7,15.3281,15.3281,10.2188,1.5,1.9531,1.5,0.3021,0.4531,1,0.3438,0.2188,0.1458,2.125,1.4167
SS1804_9.txt,9,18.2679,17.339,11.2418,1.625,2,1.5424,0.3516,0.5424,1.0536,0.4068,0.2203,0.1429,2.3898,1.5495
SS1805_12.txt,12,30.4667,29.4839,13.6418,2.2333,3.0968,2.1613,0.4925,1.0645,1.0333,0.5806,0.4839,0.2239,4.3226,2
SS1806_3.txt,3,8.8113,8.8113,6.4861,1.3585,1.4717,1.3585,0.2083,0.283,1,0.283,0.1509,0.1111,1.0755,0.7917
SS1807_5.txt,5,11.6333,11.8305,7.3474,1.5833,1.8814,1.6102,0.3474,0.5593,0.9833,0.4407,0.2712,0.1684,1.4407,0.8947
SS1808_7.txt,7,14.4355,14.6721,8.287,1.7419,2.0328,1.7705,0.3796,0.6721,0.9839,0.4754,0.3279,0.1852,2,1.1296
SS1809_9.txt,9,16.9474,17.25,9.028,1.8772,2.2143,1.9107,0.4206,0.8036,0.9825,0.5357,0.4464,0.2336,2.5536,1.3364
SS1810_3.txt,12,24.45,23.6613,10.554,2.3167,2.8065,2.2419,0.4317,0.9677,1.0333,0.6452,0.7097,0.3165,3.2903,1.4676
SS1811_3.txt,3,8.6275,8.8,6.9841,1.2353,1.54,1.26,0.2063,0.26,0.9804,0.22,0.06,0.0476,0.92,0.7302
SS1812_5.txt,5,12,11.7857,8.25,1.4545,1.8393,1.4286,0.2875,0.4107,1.0182,0.375,0.1429,0.1,1.3393,0.9375
SS1813_7.txt,7,15,15.2586,8.9394,1.678,2.1724,1.7069,0.3838,0.6552,0.9831,0.5345,0.2931,0.1717,1.8621,1.0909
SS1814_9.txt,9,18.0536,17.1356,9.7212,1.8571,2.339,1.7627,0.4038,0.7119,1.0536,0.5085,0.339,0.1923,2.2034,1.25
SS1815_12.txt,12,21.6765,20.4722,10.0272,2.1618,2.8056,2.0417,0.4626,0.9444,1.0588,0.6111,0.4583,0.2245,2.5417,1.2449
SS1816_3.txt,3,8.6275,8.8,7.0968,1.2157,1.4,1.24,0.1774,0.22,0.9804,0.18,0.14,0.1129,1.18,0.9516
SS1817_5.txt,5,11.2407,11.0364,8.0933,1.3889,1.6182,1.3636,0.2667,0.3636,1.0185,0.2909,0.2364,0.1733,1.4909,1.0933
SS1818_7.txt,7,14.2045,13.8889,8.9286,1.5909,1.8222,1.5556,0.3286,0.5111,1.0227,0.3556,0.2889,0.1857,2,1.2857
SS1819_9.txt,9,17.225,16.8049,9.8429,1.75,2.0488,1.7073,0.3429,0.5854,1.025,0.439,0.439,0.2571,2.2927,1.3429
SS1820_12.txt,12,23.8621,21.625,10.8125,2.2069,2.4062,2,0.4062,0.8125,1.1034,0.5625,0.5938,0.2969,2.9688,1.4844
SS1821_3.txt,3,9.1273,9.2963,7.0704,1.2909,1.5741,1.3148,0.1972,0.2593,0.9818,0.2222,0.0741,0.0563,0.9444,0.7183
SS1822_5.txt,5,12.6607,12.6607,8.9747,1.4107,1.875,1.4107,0.2532,0.3571,1,0.3214,0.1964,0.1392,1.4464,1.0253
SS1823_7.txt,7,16.98,15.7222,11.473,1.48,1.963,1.3704,0.2838,0.3889,1.08,0.2963,0.2593,0.1892,1.963,1.4324
SS1824_9.txt,9,20.4286,18.2553,12.4348,1.6429,2.1489,1.4681,0.3043,0.4468,1.119,0.4043,0.3191,0.2174,2.3404,1.5942
SS1825_12.txt,12,24.7941,20.561,12.7727,1.9412,2.3659,1.6098,0.3485,0.561,1.2059,0.439,0.3659,0.2273,2.6585,1.6515
SS1826_3.txt,3,9.1852,9.1852,7.1884,1.2778,1.5185,1.2778,0.2029,0.2593,1,0.2407,0.1667,0.1304,1.037,0.8116
SS1827_5.txt,5,13.551,13.0196,8.5128,1.5918,1.9216,1.5294,0.3205,0.4902,1.0408,0.3529,0.2549,0.1667,1.4706,0.9615
SS1828_7.txt,7,17.2115,16.5741,10.407,1.6538,2.2222,1.5926,0.3256,0.5185,1.0385,0.4444,0.4074,0.2558,2.0185,1.2674
SS1829_9.txt,9,19.8462,18.7636,10.5306,1.8846,2.5455,1.7818,0.3878,0.6909,1.0577,0.5455,0.4909,0.2755,2.3818,1.3367
SS1830_12.txt,12,27,24.1579,12.4898,2.1618,2.8816,1.9342,0.415,0.8026,1.1176,0.5789,0.5658,0.2925,3.0921,1.5986
SS1831_3.txt,3,9.2549,9.2549,7.0448,1.3137,1.4314,1.3137,0.209,0.2745,1,0.2745,0.2157,0.1642,1.1961,0.9104
SS1832_5.txt,5,11.8438,11.3134,8.6136,1.375,1.5672,1.3134,0.2159,0.2836,1.0469,0.2687,0.2985,0.2273,1.5075,1.1477
SS1833_7.txt,7,14.8939,14.6716,9.0183,1.6515,1.9254,1.6269,0.2936,0.4776,1.0152,0.3881,0.4776,0.2936,2.0896,1.2844
SS1834_9.txt,9,19,18.3091,9.5,2,2.2909,1.9273,0.3774,0.7273,1.0377,0.5273,0.5455,0.283,2.6182,1.3585
SS1835_12.txt,12,26.1935,23.2,10.2785,2.5484,2.8571,2.2571,0.3797,0.8571,1.129,0.6,0.6857,0.3038,3.2571,1.443
SS1836_3.txt,3,8.2549,8.5918,7.1356,1.1569,1.449,1.2041,0.1356,0.1633,0.9608,0.1429,0.0408,0.0339,0.898,0.7458
SS1837_5.txt,5,10.871,10.5312,7.4066,1.4677,1.6875,1.4219,0.2088,0.2969,1.0323,0.2812,0.2031,0.1429,1.2344,0.8681
SS1838_7.txt,7,13.2308,13.4902,8.4938,1.5577,1.9608,1.5882,0.2593,0.4118,0.9808,0.3529,0.2549,0.1605,1.6471,1.037
SS1839_9.txt,9,17.4872,16.2381,9.6056,1.8205,2.1905,1.6905,0.3239,0.5476,1.0769,0.5,0.3571,0.2113,2.1429,1.2676
SS1840_12.txt,12,22.5862,19.2647,10.5645,2.1379,2.5294,1.8235,0.3226,0.5882,1.1724,0.3824,0.4412,0.2419,2.4412,1.3387
SS1841_3.txt,3,8.8298,9.0217,6.0145,1.4681,1.7826,1.5,0.3623,0.5435,0.9787,0.4565,0.1087,0.0725,1.0217,0.6812
SS1842_5.txt,5,11.6885,11.5,7.6667,1.5246,1.8387,1.5,0.3011,0.4516,1.0164,0.4032,0.1935,0.129,1.4516,0.9677
SS1843_7.txt,7,14.5,13.8308,8.5619,1.6935,2.0769,1.6154,0.3429,0.5538,1.0484,0.4615,0.2769,0.1714,1.7385,1.0762
SS1844_9.txt,9,18.1071,16.9,9.6571,1.875,2.3833,1.75,0.4095,0.7167,1.0714,0.55,0.3833,0.219,2.0333,1.1619
SS1845_12.txt,12,21.1373,19.6,10.3654,2.0392,2.5818,1.8909,0.4038,0.7636,1.0784,0.6,0.4909,0.2596,2.4545,1.2981
SS1846_3.txt,3,8.2273,8.619,6.3509,1.2955,1.5,1.3571,0.2807,0.381,0.9545,0.3571,0.1429,0.1053,1.0952,0.807
SS1847_5.txt,5,12.2326,12.2326,7.8507,1.5581,1.7674,1.5581,0.3582,0.5581,1,0.4651,0.4651,0.2985,1.8605,1.194
SS1848_7.txt,7,14.7879,14.7879,8.8727,1.6667,1.8788,1.6667,0.4182,0.697,1,0.5455,0.6061,0.3636,2.6061,1.5636
SS1849_9.txt,9,18.2308,17.5556,9.2941,1.9615,2.1481,1.8889,0.4314,0.8148,1.0385,0.5556,0.7407,0.3922,3.037,1.6078
SS1850_12.txt,12,26.7647,21.6667,10.1111,2.6471,2.5238,2.1429,0.4444,0.9524,1.2353,0.5714,0.9048,0.4222,3.7143,1.7333
SS1851_3.txt,3,9.093,9.3095,6.9821,1.3023,1.6429,1.3333,0.2321,0.3095,0.9767,0.2857,0.1429,0.1071,1.119,0.8393
SS1852_5.txt,5,12.766,12.766,8.4507,1.5106,1.9362,1.5106,0.2817,0.4255,1,0.3404,0.2979,0.1972,1.4894,0.9859
SS1853_7.txt,7,15.5185,15.5185,8.8211,1.7593,2.2037,1.7593,0.3474,0.6111,1,0.4444,0.463,0.2632,2.0185,1.1474
SS1854_9.txt,9,18,17.234,8.9011,2.0222,2.4255,1.9362,0.3846,0.7447,1.0444,0.4894,0.5532,0.2857,2.1489,1.1099
SS1855_12.txt,12,28,23.7576,9.4458,2.9643,3.2424,2.5152,0.4819,1.2121,1.1786,0.697,0.7879,0.3133,3.2424,1.2892
SS1856_3.txt,3,8.9474,8.7931,6.9863,1.2807,1.5345,1.2586,0.1918,0.2414,1.0175,0.2414,0.069,0.0548,0.6207,0.4932
SS1857_5.txt,5,11.375,11.2,8.878,1.2812,1.6,1.2615,0.1951,0.2462,1.0156,0.2154,0.1846,0.1463,1.3538,1.0732
SS1858_7.txt,7,15.127,14.4394,10.0316,1.5079,1.8636,1.4394,0.2842,0.4091,1.0476,0.3333,0.3333,0.2316,1.8485,1.2842
SS1859_9.txt,9,18.5862,17.9667,10.3654,1.7931,2.3167,1.7333,0.3846,0.6667,1.0345,0.4667,0.4667,0.2692,2.45,1.4135
SS1860_12.txt,12,24.9265,22.9054,10.3988,2.3971,2.9595,2.2027,0.4233,0.9324,1.0882,0.5946,0.5946,0.2699,3.0946,1.4049
SS1861_3.txt,3,9,8.8125,6.5077,1.383,1.6458,1.3542,0.1692,0.2292,1.0213,0.2083,0.1458,0.1077,0.6458,0.4769
SS1862_5.txt,5,12.0526,11.8448,8.378,1.4386,1.8103,1.4138,0.2683,0.3793,1.0175,0.3103,0.3103,0.2195,1.1552,0.8171
SS1863_7.txt,7,16.18,15.5577,9.407,1.72,2.25,1.6538,0.314,0.5192,1.04,0.4038,0.4615,0.2791,1.6731,1.0116
SS1864_9.txt,9,19.186,17.5532,10.3125,1.8605,2.4255,1.7021,0.3875,0.6596,1.093,0.4681,0.5319,0.3125,1.8511,1.0875
SS1865_12.txt,12,22.8065,20.7941,9.9577,2.2903,2.9706,2.0882,0.4789,1,1.0968,0.5882,0.6471,0.3099,2.3529,1.1268
SS1866_3.txt,3,9.0408,9.2292,6.6119,1.3673,1.6667,1.3958,0.2836,0.3958,0.9796,0.3333,0.1458,0.1045,0.7708,0.5522
SS1867_5.txt,5,12.4138,12.8571,7.8261,1.5862,2.2321,1.6429,0.3696,0.6071,0.9655,0.4464,0.2143,0.1304,1.3393,0.8152
SS1868_7.txt,7,15.5789,14.5574,8.2222,1.8947,2.4426,1.7705,0.3981,0.7049,1.0702,0.5246,0.2623,0.1481,1.5082,0.8519
SS1869_9.txt,9,18.2679,18.2679,8.819,2.0714,2.9464,2.0714,0.4655,0.9643,1,0.6071,0.4464,0.2155,2.1071,1.0172
SS1870_12.txt,12,21.9767,21,10.0532,2.186,3.0667,2.0889,0.4255,0.8889,1.0465,0.4889,0.4667,0.2234,2.2889,1.0957
SS1871_3.txt,3,9.6889,10.1395,7.9273,1.2222,1.6977,1.2791,0.1636,0.2093,0.9556,0.2093,0.1163,0.0909,1.0698,0.8364
SS1872_5.txt,5,11.8833,12.0847,8.3882,1.4167,1.8814,1.4407,0.2118,0.3051,0.9833,0.2712,0.2203,0.1529,1.2881,0.8941
SS1873_7.txt,7,15.4167,15.4167,9.7368,1.5833,2.0833,1.5833,0.2842,0.45,1,0.3667,0.25,0.1579,1.8167,1.1474
SS1874_9.txt,9,17.8462,18.1961,10.9176,1.6346,2.2353,1.6667,0.2941,0.4902,0.9808,0.3529,0.3529,0.2118,2.2157,1.3294
SS1875_12.txt,12,24.6111,24.6111,12.8406,1.9167,2.6944,1.9167,0.3623,0.6944,1,0.4722,0.6111,0.3188,3.25,1.6957
SS1876_3.txt,3,8.4898,8.4898,6.4,1.3265,1.7755,1.3265,0.2308,0.3061,1,0.2449,0.0612,0.0462,0.8776,0.6615
SS1877_5.txt,5,11.8393,11.8393,7.8929,1.5,1.9643,1.5,0.2738,0.4107,1,0.3214,0.0893,0.0595,1.5714,1.0476
SS1878_7.txt,7,16.2143,16.2143,9.3288,1.7381,2.3333,1.7381,0.3562,0.619,1,0.4762,0.2143,0.1233,2.1905,1.2603
SS1879_9.txt,9,18.8286,18.8286,9.8358,1.9143,2.5714,1.9143,0.3731,0.7143,1,0.5143,0.2571,0.1343,2.6,1.3582
SS1880_12.txt,12,23.5926,22.75,10.2742,2.2963,3.1071,2.2143,0.4194,0.9286,1.037,0.6071,0.4286,0.1935,3.2857,1.4839
SS1881_3.txt,3,8.2195,8.2195,6.74,1.2195,1.5854,1.2195,0.2,0.2439,1,0.2195,0.1463,0.12,0.8537,0.7
SS1882_5.txt,5,12.1786,12.6296,7.8391,1.5536,2.1481,1.6111,0.3563,0.5741,0.9643,0.463,0.2407,0.1494,1.5,0.931
SS1883_7.txt,7,15.0169,14.7667,8.6019,1.7458,2.25,1.7167,0.3883,0.6667,1.0169,0.5167,0.3,0.1748,1.95,1.1359
SS1884_9.txt,9,17.7321,16.55,9.5481,1.8571,2.35,1.7333,0.3846,0.6667,1.0714,0.45,0.3667,0.2115,2.2333,1.2885
SS1885_12.txt,12,27.5556,22.0444,10.2268,2.6944,3.0444,2.1556,0.4639,1,1.25,0.5778,0.3778,0.1753,3.1111,1.4433
SS1886_3.txt,3,8.9038,9.0784,6.0921,1.4615,1.9216,1.4902,0.3026,0.451,0.9808,0.3529,0.0784,0.0526,1.1373,0.7632
SS1887_5.txt,5,11.8833,11.8833,7.2755,1.6333,2.0667,1.6333,0.3061,0.5,1,0.4167,0.1333,0.0816,1.6,0.9796
SS1888_7.txt,7,15.0508,14.5574,8.4571,1.7797,2.1803,1.7213,0.3238,0.5574,1.0339,0.4754,0.1803,0.1048,2.0656,1.2
SS1889_9.txt,9,18.4259,17.1552,9.213,2,2.4483,1.8621,0.3611,0.6724,1.0741,0.5172,0.2414,0.1296,2.4655,1.3241
SS1890_12.txt,12,23,21.1961,10.2952,2.234,2.8627,2.0588,0.419,0.8627,1.0851,0.6078,0.3529,0.1714,3.098,1.5048
SS1891_3.txt,3,8.4727,8.4727,6.1316,1.3818,1.4909,1.3818,0.1842,0.2545,1,0.2364,0.1091,0.0789,0.8,0.5789
SS1892_5.txt,5,12.0159,12.2097,8.2283,1.4603,1.6613,1.4839,0.2391,0.3548,0.9841,0.3226,0.1613,0.1087,1.5645,1.0543
SS1893_7.txt,7,15.4074,15.1273,10.0241,1.537,1.7818,1.5091,0.241,0.3636,1.0185,0.3455,0.2182,0.1446,1.8909,1.253
SS1894_9.txt,9,18.7179,18.25,10.2817,1.8205,2.075,1.775,0.3099,0.55,1.0256,0.525,0.3,0.169,2.375,1.338
SS1895_12.txt,12,22.8,22.0645,11.0323,2.0667,2.3548,2,0.371,0.7419,1.0333,0.6129,0.4516,0.2258,2.8387,1.4194
SS1896_3.txt,3,8.7869,9.0847,6.8718,1.2787,1.6102,1.322,0.2564,0.339,0.9672,0.322,0.2034,0.1538,1,0.7564
SS1897_5.txt,5,11.2742,11.0952,8.4217,1.3387,1.5238,1.3175,0.2289,0.3016,1.0161,0.254,0.381,0.2892,1.5079,1.1446
SS1898_7.txt,7,13.7973,13.9863,9.8173,1.4054,1.7945,1.4247,0.2981,0.4247,0.9865,0.3425,0.4795,0.3365,1.6986,1.1923
SS1899_9.txt,9,16.5152,15.3521,9.9091,1.6667,2.0141,1.5493,0.3182,0.493,1.0758,0.3944,0.4789,0.3091,1.8873,1.2182
SS1900_12.txt,12,21.3333,19.2,10.4727,2.037,2.3833,1.8333,0.3727,0.6833,1.1111,0.5833,0.5333,0.2909,2.3833,1.3
SS1901_3.txt,3,8.3273,8.3273,5.7975,1.4364,1.5455,1.4364,0.2025,0.2909,1,0.2727,0.0909,0.0633,0.7818,0.5443
SS1902_5.txt,5,12.35,11.7619,7.6392,1.6167,1.873,1.5397,0.2577,0.3968,1.05,0.3651,0.2857,0.1856,1.1905,0.7732
SS1903_7.txt,7,14.8333,13.9062,9.2708,1.6,1.9219,1.5,0.25,0.375,1.0667,0.3438,0.3125,0.2083,1.5625,1.0417
SS1904_9.txt,9,18.2826,16.1731,9.2418,1.9783,2.2115,1.75,0.3187,0.5577,1.1304,0.4808,0.3654,0.2088,1.75,1
SS1905_12.txt,12,21.7059,18.9231,9.3418,2.3235,2.5897,2.0256,0.3924,0.7949,1.1471,0.641,0.4103,0.2025,2.0513,1.0127
SS1906_3.txt,3,8.7805,9,7.8261,1.122,1.5,1.15,0.1522,0.175,0.9756,0.175,0.15,0.1304,0.825,0.7174
SS1907_5.txt,5,11.5,10.6786,8.3056,1.3846,1.7857,1.2857,0.2083,0.2679,1.0769,0.2679,0.1607,0.125,1.1429,0.8889
SS1908_7.txt,7,13.697,13.9077,8.8627,1.5455,2.0615,1.5692,0.2745,0.4308,0.9848,0.4154,0.3077,0.1961,1.5692,1
SS1909_9.txt,9,16.8103,15.7258,8.945,1.8793,2.3387,1.7581,0.3486,0.6129,1.069,0.4516,0.4194,0.2385,1.8065,1.0275
SS1910_12.txt,12,20.8793,19.2222,10.4397,2,2.5238,1.8413,0.3534,0.6508,1.0862,0.5079,0.4603,0.25,2.3333,1.2672
SS1911_3.txt,3,8.5902,8.7333,7.2778,1.1803,1.6667,1.2,0.1806,0.2167,0.9836,0.2,0.0833,0.0694,0.9667,0.8056
SS1912_5.txt,5,12.0333,12.2373,9.025,1.3333,1.8814,1.3559,0.25,0.339,0.9833,0.2542,0.1864,0.1375,1.5085,1.1125
SS1913_7.txt,7,14.1385,13.7164,9.8817,1.4308,1.9552,1.3881,0.2796,0.3881,1.0308,0.3284,0.209,0.1505,1.7761,1.2796
SS1914_9.txt,9,17.1587,16.8906,10.703,1.6032,2.2812,1.5781,0.3465,0.5469,1.0159,0.4062,0.25,0.1584,2.25,1.4257
SS1915_12.txt,12,23.4167,21.6154,11.063,2.1167,2.7385,1.9538,0.4173,0.8154,1.0833,0.5077,0.4462,0.2283,2.8462,1.4567
SS1916_3.txt,3,8.0702,8.6792,8.2143,0.9825,1.1509,1.0566,0.0357,0.0377,0.9298,0.0377,0.1321,0.125,0.8679,0.8214
SS1917_5.txt,5,10.8939,11.4127,8.9875,1.2121,1.4444,1.2698,0.15,0.1905,0.9545,0.1905,0.254,0.2,1.3175,1.0375
SS1918_7.txt,7,14,14.6774,10.1111,1.3846,1.6774,1.4516,0.2444,0.3548,0.9538,0.3065,0.3871,0.2667,1.8226,1.2556
SS1919_9.txt,9,17.2712,17.569,11.7126,1.4746,1.8276,1.5,0.2874,0.431,0.9831,0.3448,0.5172,0.3448,2.1379,1.4253
SS1920_12.txt,12,18.8396,17.8304,10.8533,1.7358,2.1964,1.6429,0.3261,0.5357,1.0566,0.4107,0.4464,0.2717,1.9821,1.2065
SS1921_3.txt,3,9.1333,9.1333,8.22,1.1111,1.3778,1.1111,0.14,0.1556,1,0.1556,0.0889,0.08,0.7778,0.7
SS1922_5.txt,5,11.7213,12.1186,9.5333,1.2295,1.6102,1.2712,0.1733,0.2203,0.9672,0.1864,0.1695,0.1333,1.2881,1.0133
SS1923_7.txt,7,14.9831,14.7333,10.5238,1.4237,1.8667,1.4,0.2381,0.3333,1.0169,0.2833,0.2833,0.2024,1.5,1.0714
SS1924_9.txt,9,17.6491,17.6491,11.3034,1.5614,2.1754,1.5614,0.2921,0.4561,1,0.3509,0.386,0.2472,1.9123,1.2247
SS1925_12.txt,12,23.4545,22.4348,12.1412,1.9318,2.6304,1.8478,0.3529,0.6522,1.0455,0.5,0.4565,0.2471,2.4348,1.3176
SS1926_3.txt,3,9.4894,9.9111,7.3115,1.2979,1.9333,1.3556,0.2295,0.3111,0.9574,0.2889,0.0444,0.0328,0.8667,0.6393
SS1927_5.txt,5,12.0877,11.678,7.4086,1.6316,2.0847,1.5763,0.2796,0.4407,1.0351,0.322,0.0847,0.0538,1.1864,0.7527
SS1928_7.txt,7,15.6042,14.98,8.2308,1.8958,2.36,1.82,0.2747,0.5,1.0417,0.34,0.24,0.1319,1.58,0.8681
SS1929_9.txt,9,18.525,17.2326,9.0366,2.05,2.6047,1.907,0.3171,0.6047,1.075,0.3721,0.3256,0.1707,1.9767,1.0366
SS1930_12.txt,12,24.5517,24.5517,9.7534,2.5172,3.4828,2.5172,0.3836,0.9655,1,0.5862,0.4828,0.1918,3,1.1918
SS1931_3.txt,3,8.7872,8.7872,6.3538,1.383,1.7021,1.383,0.2923,0.4043,1,0.2766,0.1277,0.0923,0.8936,0.6462
SS1932_5.txt,5,12.6981,12.9423,7.5618,1.6792,2.25,1.7115,0.4045,0.6923,0.9811,0.5192,0.2115,0.1236,1.6154,0.9438
SS1933_7.txt,7,14.9474,14.9474,9.4667,1.5789,2.1579,1.5789,0.3222,0.5088,1,0.4035,0.3158,0.2,2.0702,1.3111
SS1934_9.txt,9,17.2241,17.5263,10.0909,1.7069,2.3684,1.7368,0.3737,0.6491,0.9828,0.4386,0.386,0.2222,2.4386,1.404
SS1935_12.txt,12,26.7872,24.6863,11.7664,2.2766,2.8824,2.098,0.4206,0.8824,1.0851,0.5294,0.549,0.2617,3.6078,1.7196
SS1936_3.txt,3,8.4314,8.7755,6.3235,1.3333,1.551,1.3878,0.2941,0.4082,0.9608,0.3469,0.2041,0.1471,0.8776,0.6324
SS1937_5.txt,5,12.1273,12.5849,8.443,1.4364,1.8113,1.4906,0.2911,0.434,0.9636,0.3396,0.283,0.1899,1.3019,0.8734
SS1938_7.txt,7,15.0556,14.7818,9.4535,1.5926,1.9091,1.5636,0.314,0.4909,1.0185,0.4,0.3818,0.2442,1.6545,1.0581
SS1939_9.txt,9,16.7959,16.7959,10.6883,1.5714,1.9388,1.5714,0.3117,0.4898,1,0.3673,0.449,0.2857,2.102,1.3377
SS1940_12.txt,12,24.0882,20.475,12.2239,1.9706,2.2,1.675,0.3134,0.525,1.1765,0.45,0.525,0.3134,2.75,1.6418
SS1941_3.txt,3,9.1458,8.9592,5.8533,1.5625,1.7143,1.5306,0.3333,0.5102,1.0208,0.4286,0.0408,0.0267,0.9184,0.6
SS1942_5.txt,5,12.8431,12.8431,7.5287,1.7059,2.0588,1.7059,0.3563,0.6078,1,0.451,0.0588,0.0345,1.4706,0.8621
SS1943_7.txt,7,15.7872,15.4583,8.1538,1.9362,2.2917,1.8958,0.4176,0.7917,1.0213,0.5,0.1042,0.0549,1.8542,0.978
SS1944_9.txt,9,18.8889,17.8947,9.4444,2,2.4474,1.8947,0.375,0.7105,1.0556,0.4211,0.1316,0.0694,2.2895,1.2083
SS1945_12.txt,12,24.2692,21.7586,10.1774,2.3846,2.8621,2.1379,0.4355,0.931,1.1154,0.4828,0.1724,0.0806,3.0345,1.4194
SS1946_3.txt,3,8.978,8.978,6.3828,1.4066,1.6264,1.4066,0.2734,0.3846,1,0.3407,0.1429,0.1016,0.8242,0.5859
SS1947_5.txt,5,11.4659,11.2111,8.2033,1.3977,1.7667,1.3667,0.252,0.3444,1.0227,0.3111,0.2556,0.187,1.2556,0.9187
SS1948_7.txt,7,14.3239,13.7432,9.5943,1.493,1.8919,1.4324,0.283,0.4054,1.0423,0.3514,0.4189,0.2925,1.6216,1.1321
SS1949_9.txt,9,18.3158,16.3125,10.44,1.7544,2.1406,1.5625,0.32,0.5,1.1228,0.4531,0.5,0.32,2.0781,1.33
SS1950_12.txt,12,25.1224,22.7963,12.0686,2.0816,2.7407,1.8889,0.4216,0.7963,1.102,0.6296,0.6667,0.3529,2.8519,1.5098
SS1951_3.txt,3,9.0408,8.86,7.5085,1.2041,1.54,1.18,0.1525,0.18,1.0204,0.1,0.14,0.1186,0.98,0.8305
SS1952_5.txt,5,12.1897,11.7833,8.2209,1.4828,1.8,1.4333,0.2558,0.3667,1.0345,0.2667,0.2333,0.1628,1.4833,1.0349
SS1953_7.txt,7,15.3617,15.3617,8.8049,1.7447,2.2553,1.7447,0.3171,0.5532,1,0.3404,0.4468,0.2561,2.0426,1.1707
SS1954_9.txt,9,17.8293,17.4048,9.2532,1.9268,2.4048,1.881,0.3418,0.6429,1.0244,0.4048,0.5238,0.2785,2.381,1.2658
SS1955_12.txt,12,21.8125,19.9429,9.4324,2.3125,2.7714,2.1143,0.3784,0.8,1.0938,0.4571,0.5429,0.2568,2.7714,1.3108
SS1956_3.txt,3,8.5263,9,6.6122,1.2895,1.9444,1.3611,0.2449,0.3333,0.9474,0.3056,0.0833,0.0612,0.8056,0.5918
SS1957_5.txt,5,12.0357,12.4815,8.5316,1.4107,2.1852,1.463,0.2785,0.4074,0.9643,0.2778,0.2407,0.1646,1.1296,0.7722
SS1958_7.txt,7,15.0984,14.619,8.2973,1.8197,2.5079,1.7619,0.3514,0.619,1.0328,0.4603,0.3651,0.2072,1.4127,0.8018
SS1959_9.txt,9,17.5085,17.5085,9.0614,1.9322,2.7288,1.9322,0.386,0.7458,1,0.5254,0.5085,0.2632,1.9153,0.9912
SS1960_12.txt,12,24.3,21.9098,9.6848,2.5091,3.1393,2.2623,0.4275,0.9672,1.1091,0.5984,0.6311,0.279,2.7295,1.2065
SS1961_3.txt,3,8.963,8.8,7.2239,1.2407,1.4909,1.2182,0.1493,0.1818,1.0185,0.1455,0.0909,0.0746,0.7818,0.6418
SS1962_5.txt,5,11.9492,11.5574,8.2941,1.4407,1.6721,1.3934,0.2706,0.377,1.0339,0.3607,0.1803,0.1294,1.1967,0.8588
SS1963_7.txt,7,14.2833,13.1846,9.2151,1.55,1.7692,1.4308,0.2903,0.4154,1.0833,0.3385,0.2615,0.1828,1.3846,0.9677
SS1964_9.txt,9,19.2326,17.9783,10.6026,1.814,2.2826,1.6957,0.4359,0.7391,1.0698,0.5,0.4348,0.2564,2.1304,1.2564
SS1965_12.txt,12,26.48,22.0667,12.0364,2.2,2.2667,1.8333,0.4182,0.7667,1.2,0.5667,0.6667,0.3636,2.8333,1.5455
SS1966_3.txt,3,8.8923,8.8923,6.5682,1.3538,1.5385,1.3538,0.2159,0.2923,1,0.2615,0.1846,0.1364,0.7077,0.5227
SS1967_5.txt,5,11.4143,11.0972,7.1982,1.5857,1.8472,1.5417,0.2703,0.4167,1.0286,0.375,0.2778,0.1802,1.0139,0.6577
SS1968_7.txt,7,15.0312,14.8,9.3398,1.6094,2.0615,1.5846,0.3107,0.4923,1.0156,0.3692,0.3846,0.2427,1.4308,0.9029
SS1969_9.txt,9,18.2679,17.339,8.9737,2.0357,2.5254,1.9322,0.4211,0.8136,1.0536,0.5254,0.4068,0.2105,1.8475,0.9561
SS1970_12.txt,12,24.9524,22.2979,9.8868,2.5238,2.9787,2.2553,0.4811,1.0851,1.119,0.7234,0.5957,0.2642,2.617,1.1604
SS1971_3.txt,3,9.2051,9.2051,6.5273,1.4103,1.5385,1.4103,0.2545,0.359,1,0.3077,0.0256,0.0182,0.9744,0.6909
SS1972_5.txt,5,11.5,11.5,7.8608,1.463,1.7778,1.463,0.3038,0.4444,1,0.3148,0.0741,0.0506,1.3889,0.9494
SS1973_7.txt,7,14.3509,13.8644,8.3469,1.7193,1.9661,1.661,0.3163,0.5254,1.0351,0.3898,0.1695,0.102,1.8475,1.1122
SS1974_9.txt,9,18.0189,16.4655,9.6465,1.8679,2.069,1.7069,0.3333,0.569,1.0943,0.4483,0.2931,0.1717,2.3103,1.3535
SS1975_12.txt,12,23.4,19.5,10.1339,2.3091,2.3939,1.9242,0.378,0.7273,1.2,0.5606,0.3788,0.1969,2.6364,1.3701
SS1976_3.txt,3,9.1489,9.1489,7.5439,1.2128,1.4255,1.2128,0.1404,0.1702,1,0.1489,0.0851,0.0702,0.8723,0.7193
SS1977_5.txt,5,12.0702,12.0702,7.908,1.5263,1.8772,1.5263,0.2759,0.4211,1,0.3509,0.1228,0.0805,1.2632,0.8276
SS1978_7.txt,7,15.8163,14.9038,8.8068,1.7959,2.0769,1.6923,0.3295,0.5577,1.0612,0.4231,0.3077,0.1818,1.5385,0.9091
SS1979_9.txt,9,18,17.2174,9.3176,1.9318,2.3043,1.8478,0.3647,0.6739,1.0455,0.5217,0.3478,0.1882,1.9348,1.0471
SS1980_12.txt,12,21.25,19.125,9.4444,2.25,2.6,2.025,0.3827,0.775,1.1111,0.575,0.425,0.2099,2.2,1.0864
SS1981_3.txt,3,8.9333,9.2414,6.5366,1.3667,1.6379,1.4138,0.2805,0.3966,0.9667,0.3793,0.069,0.0488,0.9483,0.6707
SS1982_5.txt,5,13.1311,13.35,7.9307,1.6557,2.0667,1.6833,0.3564,0.6,0.9836,0.4167,0.2333,0.1386,1.3167,0.7822
SS1983_7.txt,7,15.5536,15.8364,8.5392,1.8214,2.3091,1.8545,0.3529,0.6545,0.9821,0.4182,0.4,0.2157,1.6182,0.8725
SS1984_9.txt,9,18.0909,17.6889,9.3647,1.9318,2.4889,1.8889,0.3882,0.7333,1.0227,0.4444,0.4444,0.2353,1.8444,0.9765
SS1985_12.txt,12,27.6538,23.9667,10.1268,2.7308,3.1667,2.3667,0.4648,1.1,1.1538,0.7,0.6,0.2535,2.7333,1.1549
SS1986_3.txt,3,8.9254,9.2,7.6667,1.1642,1.7385,1.2,0.1282,0.1538,0.9701,0.1385,0.0462,0.0385,0.9077,0.7564
SS1987_5.txt,5,11.7879,11.4412,8.4565,1.3939,1.8235,1.3529,0.2065,0.2794,1.0303,0.2206,0.1029,0.0761,1.3676,1.0109
SS1988_7.txt,7,15.2812,14.597,9.78,1.5625,2.0746,1.4925,0.26,0.3881,1.0469,0.2985,0.1642,0.11,1.6567,1.11
SS1989_9.txt,9,18.6897,17.7705,11.0612,1.6897,2.3115,1.6066,0.3061,0.4918,1.0517,0.377,0.2951,0.1837,2.1148,1.3163
SS1990_12.txt,12,23.0755,20.3833,11.3241,2.0377,2.5667,1.8,0.3519,0.6333,1.1321,0.5,0.35,0.1944,2.5167,1.3981
SS1991_3.txt,3,9.4889,9.9302,6.4697,1.4667,1.7674,1.5349,0.3333,0.5116,0.9556,0.3953,0.186,0.1212,1.4186,0.9242
SS1992_5.txt,5,12.375,12.1846,7.6893,1.6094,1.9538,1.5846,0.3495,0.5538,1.0156,0.3846,0.2769,0.1748,1.6769,1.0583
SS1993_7.txt,7,15.7966,16.069,8.6296,1.8305,2.2586,1.8621,0.4167,0.7759,0.9831,0.4483,0.5172,0.2778,2.2414,1.2037
SS1994_9.txt,9,20.3,21.3684,9.9024,2.05,2.7895,2.1579,0.5,1.0789,0.95,0.5526,0.7368,0.3415,3.0263,1.4024
SS1995_12.txt,12,NA,27.9286,10.4267,2.8846,3.4643,2.6786,0.5467,1.4643,1.0769,0.75,0.8929,0.3333,3.8929,1.4533
SS1996_3.txt,3,8.7708,8.9574,5.9296,1.4792,1.617,1.5106,0.338,0.5106,0.9792,0.4043,0.383,0.2535,1.0426,0.6901
SS1997_5.txt,5,12.1429,12.3636,8,1.5179,1.7091,1.5455,0.3765,0.5818,0.9821,0.4364,0.6364,0.4118,1.5455,1
SS1998_7.txt,7,15.3333,14.7857,9.6279,1.5926,1.7857,1.5357,0.3256,0.5,1.037,0.4107,0.625,0.407,1.7857,1.1628
SS1999_9.txt,9,18.4792,18.4792,10.8171,1.7083,2.0625,1.7083,0.3659,0.625,1,0.5208,0.8542,0.5,2.4167,1.4146
SS2000_12.txt,12,26.3793,24.6774,12.541,2.1034,2.4194,1.9677,0.4098,0.8065,1.069,0.5161,0.9032,0.459,3.4839,1.7705
SS2001_3.txt,3,8.6471,8.82,6.125,1.4118,1.66,1.44,0.2083,0.3,0.9804,0.3,0.1,0.0694,0.78,0.5417
SS2002_5.txt,5,11.8846,12.36,7.725,1.5385,1.94,1.6,0.2125,0.34,0.9615,0.3,0.2,0.125,1.44,0.9
SS2003_7.txt,7,15.1429,14.7907,9.0857,1.6667,1.9767,1.6279,0.2,0.3256,1.0238,0.2326,0.2326,0.1429,1.5814,0.9714
SS2004_9.txt,9,17.5882,16.6111,9.3438,1.8824,2.1944,1.7778,0.2969,0.5278,1.0588,0.3611,0.3056,0.1719,1.75,0.9844
SS2005_12.txt,12,25.0455,19.6786,10.3962,2.4091,2.4286,1.8929,0.3208,0.6071,1.2727,0.3214,0.3571,0.1887,2.2143,1.1698
SS2006_3.txt,3,8.463,8.463,7.0308,1.2037,1.4444,1.2037,0.1769,0.213,1,0.1944,0.0741,0.0615,1.0093,0.8385
SS2007_5.txt,5,11.3443,11.1613,8.7595,1.2951,1.6613,1.2742,0.2152,0.2742,1.0164,0.2419,0.2258,0.1772,1.3548,1.0633
SS2008_7.txt,7,13.9688,12.9565,9.2165,1.5156,1.8986,1.4058,0.299,0.4203,1.0781,0.3768,0.2464,0.1753,1.6087,1.1443
SS2009_9.txt,9,17.5345,15.8906,9.6857,1.8103,2.1406,1.6406,0.3905,0.6406,1.1034,0.4844,0.2656,0.1619,2.0625,1.2571
SS2010_12.txt,12,18.6301,16.3855,10.303,1.8082,2.0964,1.5904,0.3409,0.5422,1.137,0.4096,0.2771,0.1742,2.0723,1.303
SS2011_3.txt,3,9.3421,9.3421,7.5532,1.2368,1.4474,1.2368,0.2128,0.2632,1,0.2632,0.1579,0.1277,0.9474,0.766
SS2012_5.txt,5,12.6327,12.38,8.7183,1.449,1.64,1.42,0.3099,0.44,1.0204,0.4,0.32,0.2254,1.92,1.3521
SS2013_7.txt,7,15.3036,14.5254,10.3253,1.4821,1.6271,1.4068,0.3133,0.4407,1.0536,0.3729,0.2034,0.1446,2.3898,1.6988
SS2014_9.txt,9,17.4643,15.7742,11.3721,1.5357,1.6613,1.3871,0.3023,0.4194,1.1071,0.4194,0.3065,0.2209,2.4839,1.7907
SS2015_12.txt,12,18.4286,16.918,11.7273,1.5714,1.6885,1.4426,0.3182,0.459,1.0893,0.377,0.3279,0.2273,2.7377,1.8977
SS2016_3.txt,3,8.907,8.907,6.2787,1.4186,1.6047,1.4186,0.2787,0.3953,1,0.3488,0.0465,0.0328,1,0.7049
SS2017_5.txt,5,12.6,12.6,8.1,1.5556,1.7778,1.5556,0.3,0.4667,1,0.3556,0.1333,0.0857,1.7556,1.1286
SS2018_7.txt,7,14.8333,14.8333,8.7541,1.6944,2.0278,1.6944,0.377,0.6389,1,0.4444,0.2222,0.1311,2.0278,1.1967
SS2019_9.txt,9,18.9615,19.72,9.86,1.9231,2.4,2,0.42,0.84,0.9615,0.64,0.4,0.2,2.84,1.42
SS2020_12.txt,12,23,23,10.925,2.1053,2.5789,2.1053,0.475,1,1,0.8421,0.5263,0.25,3.4737,1.65
SS2021_3.txt,3,8.6724,9.1455,7.3971,1.1724,1.4,1.2364,0.1912,0.2364,0.9483,0.2182,0.1636,0.1324,1.0182,0.8235
SS2022_5.txt,5,11.4426,11.4426,8.9487,1.2787,1.5574,1.2787,0.2051,0.2623,1,0.2131,0.3115,0.2436,1.377,1.0769
SS2023_7.txt,7,14.5,14.7736,11.6866,1.2407,1.5472,1.2642,0.1791,0.2264,0.9815,0.1887,0.566,0.4478,1.8868,1.4925
SS2024_9.txt,9,18.1628,17.75,12.8033,1.4186,1.8182,1.3864,0.2295,0.3182,1.0233,0.2727,0.7045,0.5082,2.4091,1.7377
SS2025_12.txt,12,27.2308,25.2857,15.7333,1.7308,2.3571,1.6071,0.3333,0.5357,1.0769,0.4286,1.1071,0.6889,3.5357,2.2
SS2026_3.txt,3,9.6842,9.6842,6.4561,1.5,1.8421,1.5,0.3509,0.5263,1,0.3947,0.0526,0.0351,1.0263,0.6842
SS2027_5.txt,5,13.1304,13.4222,7.1905,1.8261,2.3556,1.8667,0.4881,0.9111,0.9783,0.6444,0.1556,0.0833,1.4889,0.7976
SS2028_7.txt,7,16.4167,16.4167,8.8539,1.8542,2.3542,1.8542,0.4831,0.8958,1,0.6458,0.3333,0.1798,2.2708,1.2247
SS2029_9.txt,9,17.4074,17.4074,10.9302,1.5926,2.0926,1.5926,0.3837,0.6111,1,0.537,0.4074,0.2558,2.537,1.593
SS2030_12.txt,12,24.3721,21.3878,11.7753,2.0698,2.3673,1.8163,0.4382,0.7959,1.1395,0.551,0.5714,0.3146,3.2245,1.7753
SS2031_3.txt,3,8.7833,8.9322,6.5875,1.3333,1.6441,1.3559,0.275,0.3729,0.9833,0.322,0.0508,0.0375,0.9661,0.7125
SS2032_5.txt,5,11.5667,11.377,8.2619,1.4,1.6393,1.377,0.2619,0.3607,1.0167,0.2787,0.1967,0.1429,1.4098,1.0238
SS2033_7.txt,7,14.5,14.5,9.6667,1.5,1.8519,1.5,0.2963,0.4444,1,0.3148,0.3519,0.2346,1.7593,1.1728
SS2034_9.txt,9,18.1622,17.6842,10.5,1.7297,2.1842,1.6842,0.3125,0.5263,1.027,0.3158,0.5,0.2969,2.1316,1.2656
SS2035_12.txt,12,26.6296,23.9667,11.0615,2.4074,2.8333,2.1667,0.4462,0.9667,1.1111,0.6667,0.6333,0.2923,3.2333,1.4923
SS2036_3.txt,3,9.1429,8.9302,7.68,1.1905,1.4186,1.1628,0.16,0.186,1.0238,0.1628,0.1163,0.1,1.1395,0.98
SS2037_5.txt,5,12.566,12.8077,9.1233,1.3774,1.6731,1.4038,0.2877,0.4038,0.9811,0.2885,0.3269,0.2329,1.7692,1.2603
SS2038_7.txt,7,15.0185,15.3019,9.3218,1.6111,2,1.6415,0.3793,0.6226,0.9815,0.434,0.3774,0.2299,2.2453,1.3678
SS2039_9.txt,9,17.7143,16.9091,10.4789,1.6905,1.9773,1.6136,0.3521,0.5682,1.0476,0.4091,0.5227,0.3239,2.25,1.3944
SS2040_12.txt,12,28.0455,26.8261,12.098,2.3182,2.8696,2.2174,0.4902,1.087,1.0455,0.7826,1.0435,0.4706,3.7391,1.6863
SS2041_3.txt,3,9.48,9.6735,5.7805,1.64,1.9796,1.6735,0.378,0.6327,0.98,0.3673,0.0612,0.0366,1.1633,0.6951
SS2042_5.txt,5,12.3667,11.5938,6.8704,1.8,2.1094,1.6875,0.3519,0.5938,1.0667,0.3906,0.1406,0.0833,1.4219,0.8426
SS2043_7.txt,7,14.6087,13.44,8,1.8261,2.1733,1.68,0.3571,0.6,1.087,0.5067,0.28,0.1667,1.48,0.881
SS2044_9.txt,9,18.5231,17.2,9.0526,2.0462,2.5286,1.9,0.4135,0.7857,1.0769,0.5714,0.3857,0.203,1.9571,1.0301
SS2045_12.txt,12,26.1458,24.1346,9.8819,2.6458,3.3462,2.4423,0.5039,1.2308,1.0833,0.7115,0.6346,0.2598,3.0577,1.252
SS2046_3.txt,3,9.2083,9.2083,7.129,1.2917,1.6458,1.2917,0.2419,0.3125,1,0.2708,0.0833,0.0645,1.3333,1.0323
SS2047_5.txt,5,12.0385,12.0385,8.0256,1.5,1.9615,1.5,0.3333,0.5,1,0.4038,0.1538,0.1026,1.8077,1.2051
SS2048_7.txt,7,15.4468,15.7826,9.4286,1.6383,1.9783,1.6739,0.3636,0.6087,0.9787,0.4348,0.2826,0.1688,2.587,1.5455
SS2049_9.txt,9,18.4222,17.2708,9.7529,1.8889,2.25,1.7708,0.4,0.7083,1.0667,0.5,0.3333,0.1882,2.9167,1.6471
SS2050_12.txt,12,26.4583,20.4839,10.7627,2.4583,2.3871,1.9032,0.4237,0.8065,1.2917,0.5806,0.5161,0.2712,3.1935,1.678
SS2051_3.txt,3,9.2182,9.3889,6.4177,1.4364,1.6852,1.463,0.3038,0.4444,0.9818,0.4074,0.0741,0.0506,1.1852,0.8101
SS2052_5.txt,5,12.1053,11.8966,7.3404,1.6491,1.9828,1.6207,0.3404,0.5517,1.0175,0.4138,0.1207,0.0745,1.3276,0.8191
SS2053_7.txt,7,15.4754,14.5231,9.732,1.5902,1.9692,1.4923,0.2784,0.4154,1.0656,0.3231,0.3231,0.2165,1.7538,1.1753
SS2054_9.txt,9,17.8333,16.7188,10.4902,1.7,2.1406,1.5938,0.2843,0.4531,1.0667,0.3281,0.2656,0.1667,2.0469,1.2843
SS2055_12.txt,12,21.5439,20.4667,11.0631,1.9474,2.5667,1.85,0.3423,0.6333,1.0526,0.3667,0.4667,0.2523,2.6833,1.4505
SS2056_3.txt,3,8.6667,8.5,5.8158,1.4902,1.75,1.4615,0.3026,0.4423,1.0196,0.4038,0.1154,0.0789,0.9038,0.6184
SS2057_5.txt,5,12.2456,12.2456,7.3474,1.6667,2.0877,1.6667,0.3684,0.614,1,0.4211,0.2807,0.1684,1.4386,0.8632
SS2058_7.txt,7,16.1509,16.1509,8.6465,1.8679,2.3774,1.8679,0.4242,0.7925,1,0.5283,0.4717,0.2525,2.0755,1.1111
SS2059_9.txt,9,18.0784,18.44,10.0217,1.8039,2.48,1.84,0.4674,0.86,0.9804,0.52,0.6,0.3261,2.42,1.3152
SS2060_12.txt,12,26.4194,25.5938,10.5,2.5161,3.2188,2.4375,0.5513,1.3438,1.0323,0.7188,0.7812,0.3205,3.5938,1.4744
SS2061_3.txt,3,9.6522,10.0909,7.1613,1.3478,1.7045,1.4091,0.2742,0.3864,0.9565,0.3182,0.0909,0.0645,1.0455,0.7419
SS2062_5.txt,5,12.5179,12.0862,7.8764,1.5893,1.8966,1.5345,0.3146,0.4828,1.0357,0.3793,0.2069,0.1348,1.3793,0.8989
SS2063_7.txt,7,15.125,14.6034,9.3077,1.625,1.9483,1.569,0.2967,0.4655,1.0357,0.3621,0.2931,0.1868,1.7241,1.0989
SS2064_9.txt,9,18.8222,17.6458,10.0833,1.8667,2.1667,1.75,0.3214,0.5625,1.0667,0.4375,0.375,0.2143,2.2292,1.2738
SS2065_12.txt,12,22.5714,20.2564,10.3947,2.1714,2.4872,1.9487,0.3421,0.6667,1.1143,0.4359,0.4615,0.2368,2.6923,1.3816
SS2066_3.txt,3,9.1875,9.1875,6.8906,1.3333,1.625,1.3333,0.1719,0.2292,1,0.2292,0.1458,0.1094,0.8542,0.6406
SS2067_5.txt,5,12.9107,11.8525,7.6105,1.6964,1.8689,1.5574,0.2632,0.4098,1.0893,0.3607,0.1803,0.1158,1.2295,0.7895
SS2068_7.txt,7,14.9841,14.75,8.9905,1.6667,2.0312,1.6406,0.3238,0.5312,1.0159,0.4062,0.2656,0.1619,1.875,1.1429
SS2069_9.txt,9,18.6545,17.1,9.8654,1.8909,2.2,1.7333,0.3269,0.5667,1.0909,0.45,0.3667,0.2115,2.25,1.2981
SS2070_12.txt,12,22.3902,19.5319,10.8,2.0732,2.2766,1.8085,0.3059,0.5532,1.1463,0.4255,0.383,0.2118,2.6809,1.4824
SS2071_3.txt,3,9.0625,9.2553,7.7679,1.1667,1.4894,1.1915,0.1429,0.1702,0.9792,0.1702,0.1489,0.125,0.6596,0.5536
SS2072_5.txt,5,11.807,12.2364,8.3086,1.4211,1.8545,1.4727,0.2593,0.3818,0.9649,0.3273,0.1818,0.1235,1.2182,0.8272
SS2073_7.txt,7,16.413,16.0638,9.8052,1.6739,1.9362,1.6383,0.3247,0.5319,1.0217,0.4043,0.2128,0.1299,1.9149,1.1688
SS2074_9.txt,9,19.6389,19.1081,10.2464,1.9167,2.1622,1.8649,0.3768,0.7027,1.0278,0.4865,0.4054,0.2174,2.2432,1.2029
SS2075_12.txt,12,24.8077,22.2414,10.5738,2.3462,2.5172,2.1034,0.3934,0.8276,1.1154,0.5172,0.4138,0.1967,2.5172,1.1967
SS2076_3.txt,3,8.9298,9.0893,6.6974,1.3333,1.6786,1.3571,0.2368,0.3214,0.9825,0.2857,0.2143,0.1579,0.9107,0.6711
SS2077_5.txt,5,11.2941,11.6364,8.2581,1.3676,1.8182,1.4091,0.2688,0.3788,0.9706,0.3333,0.2727,0.1935,1.4697,1.043
SS2078_7.txt,7,14.2121,14.8889,9.6701,1.4697,2.1587,1.5397,0.3093,0.4762,0.9545,0.3651,0.3016,0.1959,1.873,1.2165
SS2079_9.txt,9,17.6379,17.339,10.23,1.7241,2.4237,1.6949,0.35,0.5932,1.0172,0.4576,0.3559,0.21,2.1695,1.28
SS2080_12.txt,12,23.8163,22.0189,11.3301,2.102,3,1.9434,0.4369,0.8491,1.0816,0.6226,0.4151,0.2136,2.8679,1.4757
SS2081_3.txt,3,8.36,8.5306,7.3333,1.14,1.3265,1.1633,0.1053,0.1224,0.98,0.1224,0.102,0.0877,0.6122,0.5263
SS2082_5.txt,5,12.1754,12.8519,9.2533,1.3158,1.7222,1.3889,0.24,0.3333,0.9474,0.3333,0.2593,0.1867,1.2593,0.9067
SS2083_7.txt,7,14.6909,14.963,10.2278,1.4364,1.7963,1.463,0.3038,0.4444,0.9818,0.3519,0.3519,0.2405,1.6852,1.1519
SS2084_9.txt,9,19.1463,17.4444,11.0563,1.7317,2.0444,1.5778,0.3099,0.4889,1.0976,0.4222,0.4444,0.2817,1.9333,1.2254
SS2085_12.txt,12,25.0357,20.0286,11.8814,2.1071,2.2286,1.6857,0.339,0.5714,1.25,0.4857,0.4857,0.2881,2.3429,1.3898
SS2086_3.txt,3,8.2545,8.566,6.7761,1.2182,1.6981,1.2642,0.1791,0.2264,0.9636,0.1698,0.0943,0.0746,0.717,0.5672
SS2087_5.txt,5,11.5246,11.5246,7.8989,1.459,1.918,1.459,0.2584,0.377,1,0.3115,0.1311,0.0899,1.0984,0.7528
SS2088_7.txt,7,14.38,14.6735,9.1013,1.58,2.0612,1.6122,0.3165,0.5102,0.98,0.4082,0.1633,0.1013,1.4898,0.9241
SS2089_9.txt,9,17.8684,17.4103,9.8406,1.8158,2.359,1.7692,0.3913,0.6923,1.0263,0.5128,0.2051,0.1159,1.8205,1.029
SS2090_12.txt,12,20.25,19.6364,9.9692,2.0312,2.5758,1.9697,0.4308,0.8485,1.0312,0.5455,0.2121,0.1077,2.2121,1.1231
SS2091_3.txt,3,8.9615,8.9615,6.9552,1.2885,1.7115,1.2885,0.2537,0.3269,1,0.2692,0.0769,0.0597,0.8654,0.6716
SS2092_5.txt,5,12.2241,11.8167,8.1494,1.5,2.0833,1.45,0.3448,0.5,1.0345,0.3833,0.1167,0.0805,1.4667,1.0115
SS2093_7.txt,7,15.25,14.9825,8.6263,1.7679,2.386,1.7368,0.3737,0.6491,1.0179,0.4561,0.2982,0.1717,1.9298,1.1111
SS2094_9.txt,9,17.8511,17.4792,9.3222,1.9149,2.625,1.875,0.3444,0.6458,1.0213,0.4375,0.4167,0.2222,2.1458,1.1444
SS2095_12.txt,12,21.6216,20,9.0909,2.3784,3.025,2.2,0.375,0.825,1.0811,0.5,0.45,0.2045,2.425,1.1023
SS2096_3.txt,3,9.1061,9.1061,6.3263,1.4394,1.6212,1.4394,0.2947,0.4242,1,0.3485,0.1061,0.0737,0.8485,0.5895
SS2097_5.txt,5,12.2571,12.0845,7.8716,1.5571,1.9577,1.5352,0.3394,0.5211,1.0143,0.3662,0.2254,0.1468,1.2817,0.8349
SS2098_7.txt,7,15.8,15.541,8.6182,1.8333,2.2295,1.8033,0.3909,0.7049,1.0167,0.5082,0.2623,0.1455,1.9836,1.1
SS2099_9.txt,9,19.0426,17.9,9.4211,2.0213,2.4,1.9,0.4526,0.86,1.0638,0.56,0.38,0.2,2.34,1.2316
SS2100_12.txt,12,24.9091,21.6316,9.4483,2.6364,2.7632,2.2895,0.4713,1.0789,1.1515,0.6316,0.4211,0.1839,2.7895,1.2184
SS2101_3.txt,3,8.9362,8.9362,5.9155,1.5106,1.9574,1.5106,0.3521,0.5319,1,0.4255,0.0426,0.0282,0.8723,0.5775
SS2102_5.txt,5,11.7966,11.7966,7.5652,1.5593,2.0508,1.5593,0.3261,0.5085,1,0.3729,0.1864,0.1196,1.1695,0.75
SS2103_7.txt,7,15.5263,15,8.1193,1.9123,2.4915,1.8475,0.4128,0.7627,1.0351,0.5254,0.2712,0.1468,1.5424,0.8349
SS2104_9.txt,9,19.4762,18.1778,8.7957,2.2143,2.9778,2.0667,0.4301,0.8889,1.0714,0.5333,0.3556,0.172,1.9333,0.9355
SS2105_12.txt,12,22.5135,19.8333,9.0543,2.4865,3.0952,2.1905,0.4565,1,1.1351,0.619,0.3571,0.163,2.2619,1.0326
SS2106_3.txt,3,9.3556,9.3556,7.7963,1.2,1.5778,1.2,0.1852,0.2222,1,0.1778,0.1556,0.1296,0.7778,0.6481
SS2107_5.txt,5,12.1228,12.1228,8.3253,1.4561,1.9298,1.4561,0.2771,0.4035,1,0.3684,0.2105,0.1446,1.2105,0.8313
SS2108_7.txt,7,15.3448,15.0847,9.7802,1.569,2.1525,1.5424,0.3407,0.5254,1.0172,0.4915,0.4068,0.2637,1.5085,0.978
SS2109_9.txt,9,18.8491,17.5263,9.99,1.8868,2.4211,1.7544,0.37,0.6491,1.0755,0.5614,0.4561,0.26,1.807,1.03
SS2110_12.txt,12,22.5455,19.451,10.1224,2.2273,2.7451,1.9216,0.3878,0.7451,1.1591,0.6471,0.549,0.2857,1.9804,1.0306
SS2111_3.txt,3,7.8113,7.9615,7.2632,1.0755,1.2692,1.0962,0.1053,0.1154,0.9811,0.1154,0.1538,0.1404,0.7308,0.6667
SS2112_5.txt,5,11.5397,11.5397,8.2614,1.3968,1.5556,1.3968,0.2273,0.3175,1,0.2698,0.2698,0.1932,1.3651,0.9773
SS2113_7.txt,7,14.6774,13.7879,9.1,1.6129,1.8333,1.5152,0.3,0.4545,1.0645,0.3939,0.3636,0.24,1.7121,1.13
SS2114_9.txt,9,18.5185,16.6667,10,1.8519,2.05,1.6667,0.34,0.5667,1.1111,0.4167,0.4833,0.29,2.05,1.23
SS2115_12.txt,12,20.0926,17.5,10.1402,1.9815,2.1774,1.7258,0.3645,0.629,1.1481,0.4355,0.5806,0.3364,2.1935,1.271
SS2116_3.txt,3,9.0794,9.2258,7.5263,1.2063,1.5484,1.2258,0.1842,0.2258,0.9841,0.2097,0.1935,0.1579,0.9032,0.7368
SS2117_5.txt,5,11.4286,11.2676,8.2474,1.3857,1.7465,1.3662,0.268,0.3662,1.0143,0.338,0.2535,0.1856,1.1127,0.8144
SS2118_7.txt,7,14.697,14.4776,9.5098,1.5455,2.0896,1.5224,0.3235,0.4925,1.0152,0.3881,0.4179,0.2745,1.4478,0.951
SS2119_9.txt,9,17.6491,17.0508,9.6731,1.8246,2.4237,1.7627,0.4231,0.7458,1.0351,0.5254,0.5932,0.3365,1.8136,1.0288
SS2120_12.txt,12,20.981,19.4956,11.1263,1.8857,2.3097,1.7522,0.3485,0.6106,1.0762,0.4867,0.708,0.404,2.2566,1.2879
SS2121_3.txt,3,9.1321,9.3077,6.6301,1.3774,1.6538,1.4038,0.2192,0.3077,0.9811,0.2692,0.0769,0.0548,0.6923,0.4932
SS2122_5.txt,5,11.6613,11.6613,7.7742,1.5,2,1.5,0.2903,0.4355,1,0.3548,0.1935,0.129,1.0161,0.6774
SS2123_7.txt,7,14.9538,14.2941,8.4522,1.7692,2.3824,1.6912,0.3304,0.5588,1.0462,0.4265,0.3235,0.1913,1.4265,0.8435
SS2124_9.txt,9,18.6071,17.3667,9.4727,1.9643,2.6,1.8333,0.3545,0.65,1.0714,0.55,0.35,0.1909,1.85,1.0091
SS2125_12.txt,12,21.1667,19.7069,10.0263,2.1111,2.8621,1.9655,0.3684,0.7241,1.0741,0.5517,0.4483,0.2281,2.1207,1.0789
SS2126_3.txt,3,9.5349,9.5349,7.069,1.3488,1.6744,1.3488,0.2414,0.3256,1,0.3256,0.0465,0.0345,0.9767,0.7241
SS2127_5.txt,5,12.1852,12.4151,9.0137,1.3519,1.8491,1.3774,0.274,0.3774,0.9815,0.3396,0.0943,0.0685,1.8113,1.3151
SS2128_7.txt,7,15.4651,15.4651,10.2308,1.5116,2,1.5116,0.3538,0.5349,1,0.4419,0.1628,0.1077,2.2093,1.4615
SS2129_9.txt,9,18.9394,17.8571,10.7759,1.7576,2.3429,1.6571,0.3966,0.6571,1.0606,0.5143,0.1714,0.1034,2.4857,1.5
SS2130_12.txt,12,24.6364,21.68,11.0612,2.2273,2.68,1.96,0.449,0.88,1.1364,0.68,0.16,0.0816,3,1.5306
SS2131_3.txt,3,9.2982,9.4643,6.625,1.4035,1.7143,1.4286,0.2875,0.4107,0.9825,0.375,0.125,0.0875,0.9464,0.6625
SS2132_5.txt,5,12.5172,12.5172,7.7234,1.6207,1.9483,1.6207,0.3298,0.5345,1,0.4138,0.1724,0.1064,1.6724,1.0319
SS2133_7.txt,7,16.2963,16,8.5437,1.9074,2.1818,1.8727,0.4078,0.7636,1.0185,0.5091,0.3818,0.2039,2,1.068
SS2134_9.txt,9,19.3182,18.8889,8.8542,2.1818,2.6889,2.1333,0.4792,1.0222,1.0227,0.5778,0.4889,0.2292,2.2889,1.0729
SS2135_12.txt,12,22.7667,22.7667,8.9868,2.5333,3.0333,2.5333,0.5263,1.3333,1,0.6667,0.7,0.2763,2.8667,1.1316
SS2136_3.txt,3,8.5102,8.6875,6.95,1.2245,1.4583,1.25,0.2167,0.2708,0.9796,0.25,0.0625,0.05,0.9583,0.7667
SS2137_5.txt,5,11.9792,12.234,8.5821,1.3958,1.7447,1.4255,0.2836,0.4043,0.9792,0.3617,0.1489,0.1045,1.3617,0.9552
SS2138_7.txt,7,14.8462,14.8462,9.4918,1.5641,2.0256,1.5641,0.3443,0.5385,1,0.4103,0.2564,0.1639,1.6923,1.082
SS2139_9.txt,9,17.9355,17.375,10.4906,1.7097,2.25,1.6562,0.3585,0.5938,1.0323,0.4688,0.375,0.2264,2.125,1.283
SS2140_12.txt,12,24.1905,22.087,11.0435,2.1905,2.7391,2,0.4565,0.913,1.0952,0.7391,0.6087,0.3043,2.7826,1.3913
SS2141_3.txt,3,8.9783,8.4286,6.7705,1.3261,1.4898,1.2449,0.1311,0.1633,1.0652,0.1429,0.1224,0.0984,0.8163,0.6557
SS2142_5.txt,5,11.6552,11.6552,9.2603,1.2586,1.5345,1.2586,0.137,0.1724,1,0.1552,0.1724,0.137,1.4483,1.1507
SS2143_7.txt,7,14.36,14.36,10.7164,1.34,1.74,1.34,0.1791,0.24,1,0.2,0.32,0.2388,1.68,1.2537
SS2144_9.txt,9,17.5263,16.65,11.6842,1.5,1.825,1.425,0.2105,0.3,1.0526,0.275,0.4,0.2807,1.975,1.386
SS2145_12.txt,12,24.3158,21,12.8333,1.8947,2.1364,1.6364,0.25,0.4091,1.1579,0.3182,0.5,0.3056,2.6818,1.6389
SS2146_3.txt,3,8.3846,8.3846,6.3188,1.3269,1.4808,1.3269,0.2029,0.2692,1,0.2308,0.0192,0.0145,1.0192,0.7681
SS2147_5.txt,5,11.2459,11.2459,7.1458,1.5738,1.8689,1.5738,0.3125,0.4918,1,0.3607,0.0328,0.0208,1.5574,0.9896
SS2148_7.txt,7,14.8136,14.3279,8.1682,1.8136,2.0164,1.7541,0.3458,0.6066,1.0339,0.4918,0.0984,0.0561,2.0984,1.1963
SS2149_9.txt,9,17,17.3333,9.6087,1.7692,2.1569,1.8039,0.3261,0.5882,0.9808,0.5098,0.2157,0.1196,2.549,1.413
SS2150_12.txt,12,23.8333,21.45,10.3373,2.3056,2.6,2.075,0.3614,0.75,1.1111,0.65,0.225,0.1084,3.2,1.5422
SS2151_3.txt,3,8.3696,8.1915,6.2097,1.3478,1.5532,1.3191,0.2419,0.3191,1.0217,0.2979,0.0851,0.0645,1.1064,0.8387
SS2152_5.txt,5,12.2586,12.2586,8.1724,1.5,1.7759,1.5,0.3218,0.4828,1,0.4483,0.2586,0.1724,1.7759,1.1839
SS2153_7.txt,7,15.4364,15.1607,9.0319,1.7091,2.0536,1.6786,0.3936,0.6607,1.0182,0.4643,0.3571,0.2128,2.25,1.3404
SS2154_9.txt,9,17.7857,17.1724,9.7647,1.8214,2.1034,1.7586,0.4118,0.7241,1.0357,0.4138,0.4138,0.2353,2.4828,1.4118
SS2155_12.txt,12,21.7683,20.0562,10.6886,2.0366,2.4045,1.8764,0.4072,0.764,1.0854,0.4831,0.5618,0.2994,2.6292,1.4012
SS2156_3.txt,3,8.4386,8.0167,6.7746,1.2456,1.3667,1.1833,0.1972,0.2333,1.0526,0.2167,0.15,0.1268,0.9333,0.7887
SS2157_5.txt,5,10.5932,10.4167,8.0128,1.322,1.5167,1.3,0.2564,0.3333,1.0169,0.2833,0.2833,0.2179,1.2833,0.9872
SS2158_7.txt,7,14.3,13.4062,9.4286,1.5167,1.7188,1.4219,0.3297,0.4688,1.0667,0.3906,0.375,0.2637,1.7188,1.2088
SS2159_9.txt,9,16.717,15.5439,9.9551,1.6792,1.9474,1.5614,0.4045,0.6316,1.0755,0.5263,0.4912,0.3146,1.9649,1.2584
SS2160_12.txt,12,22.1176,19.7895,12.9655,1.7059,2.0877,1.5263,0.3908,0.5965,1.1176,0.386,0.5263,0.3448,2.8421,1.8621
SS2161_3.txt,3,9.8205,10.0789,7.8163,1.2564,1.6316,1.2895,0.2245,0.2895,0.9744,0.2368,0.1053,0.0816,1.2632,0.9796
SS2162_5.txt,5,12.3846,12.197,8.4737,1.4615,1.7576,1.4394,0.2737,0.3939,1.0154,0.2879,0.1515,0.1053,1.3939,0.9684
SS2163_7.txt,7,14.8219,14.4267,9.4087,1.5753,1.8933,1.5333,0.287,0.44,1.0274,0.3467,0.2933,0.1913,1.5733,1.0261
SS2164_9.txt,9,18.2273,16.9437,9.9421,1.8333,2.1831,1.7042,0.3471,0.5915,1.0758,0.4225,0.3944,0.2314,2.0845,1.2231
SS2165_12.txt,12,27.2308,24.9296,12.2069,2.2308,2.8169,2.0423,0.4345,0.8873,1.0923,0.5211,0.6056,0.2966,3.169,1.5517
SS2166_3.txt,3,8.8028,9.058,6.3131,1.3944,1.8841,1.4348,0.2929,0.4203,0.9718,0.3333,0,0,0.6667,0.4646
SS2167_5.txt,5,11.9706,11.9706,7.0783,1.6912,2.1029,1.6912,0.3913,0.6618,1,0.4412,0.0294,0.0174,1.25,0.7391
SS2168_7.txt,7,14.6129,14.381,8.2364,1.7742,2.2222,1.746,0.3909,0.6825,1.0161,0.3968,0.2063,0.1182,1.7778,1.0182
SS2169_9.txt,9,17.6667,16.7833,9.1545,1.9298,2.4167,1.8333,0.4,0.7333,1.0526,0.4167,0.2833,0.1545,2.05,1.1182
SS2170_12.txt,12,23.2909,20.3333,9.7786,2.3818,2.7302,2.0794,0.3969,0.8254,1.1455,0.4921,0.5079,0.2443,2.4127,1.1603
SS2171_3.txt,3,8.0377,8.1923,6.5538,1.2264,1.3846,1.25,0.2154,0.2692,0.9811,0.25,0.0962,0.0769,0.75,0.6
SS2172_5.txt,5,10.8116,10.9706,7.8526,1.3768,1.6912,1.3971,0.2105,0.2941,0.9855,0.2794,0.25,0.1789,1.1029,0.7895
SS2173_7.txt,7,14.15,14.6379,9.0319,1.5667,1.9828,1.6207,0.3085,0.5,0.9667,0.3621,0.2931,0.1809,1.6897,1.0426
SS2174_9.txt,9,16.1509,17.12,9.5111,1.6981,2.22,1.8,0.3667,0.66,0.9434,0.42,0.38,0.2111,2.06,1.1444
SS2175_12.txt,12,20.8667,19.5625,10.2623,2.0333,2.4062,1.9062,0.3607,0.6875,1.0667,0.4688,0.5938,0.3115,2.3125,1.2131
SS2176_3.txt,3,9.1636,9.1636,7.0986,1.2909,1.5273,1.2909,0.1972,0.2545,1,0.2545,0.0182,0.0141,0.9818,0.7606
SS2177_5.txt,5,11.7258,11.7258,7.8172,1.5,1.7903,1.5,0.2581,0.3871,1,0.3226,0.0484,0.0323,1.4032,0.9355
SS2178_7.txt,7,15.082,15.3333,9.5833,1.5738,2.0167,1.6,0.3021,0.4833,0.9836,0.3667,0.2,0.125,1.9167,1.1979
SS2179_9.txt,9,17.8246,17.2203,10.5833,1.6842,2.0169,1.6271,0.2812,0.4576,1.0351,0.3898,0.2542,0.1562,2.2373,1.375
SS2180_12.txt,12,25.5,23.0714,13.0946,1.9474,2.4524,1.7619,0.3243,0.5714,1.1053,0.4524,0.4286,0.2432,3,1.7027
SS2181_3.txt,3,8.4603,8.5968,6.9221,1.2222,1.5645,1.2419,0.2208,0.2742,0.9841,0.2581,0.1129,0.0909,0.8548,0.6883
SS2182_5.txt,5,10.8714,11.5303,9.2805,1.1714,1.6212,1.2424,0.2195,0.2727,0.9429,0.2424,0.1667,0.1341,1.3636,1.0976
SS2183_7.txt,7,13.8841,13.8841,10.6444,1.3043,1.7246,1.3043,0.2222,0.2899,1,0.2319,0.2754,0.2111,1.8986,1.4556
SS2184_9.txt,9,16.7903,16.7903,12.1047,1.3871,1.8871,1.3871,0.2791,0.3871,1,0.3226,0.4355,0.314,2.2742,1.6395
SS2185_12.txt,12,27.2273,24.449,13.9302,1.9545,2.4694,1.7551,0.4302,0.7551,1.1136,0.4898,0.551,0.314,3.449,1.9651
SS2186_3.txt,3,8.1379,8.2807,6.6479,1.2241,1.4561,1.2456,0.1549,0.193,0.9828,0.1579,0.1404,0.1127,0.7719,0.6197
SS2187_5.txt,5,11.8475,11.65,8.1279,1.4576,1.7,1.4333,0.2326,0.3333,1.0169,0.3,0.2333,0.1628,1.1833,0.8256
SS2188_7.txt,7,14.4894,13.3529,9.3288,1.5532,1.8039,1.4314,0.2329,0.3333,1.0851,0.2549,0.2745,0.1918,1.4902,1.0411
SS2189_9.txt,9,17.439,16.6279,9.1667,1.9024,2.3023,1.814,0.3205,0.5814,1.0488,0.4419,0.3488,0.1923,1.8372,1.0128
SS2190_12.txt,12,21.8529,18.575,9.2875,2.3529,2.55,2,0.35,0.7,1.1765,0.525,0.325,0.1625,2.05,1.025
SS2191_3.txt,3,8.5,8.8542,7.3276,1.16,1.4792,1.2083,0.1379,0.1667,0.96,0.1667,0.1458,0.1207,0.8125,0.6724
SS2192_5.txt,5,11.3167,11.7069,8.3827,1.35,1.7414,1.3966,0.2469,0.3448,0.9667,0.2931,0.2414,0.1728,1.2241,0.8765
SS2193_7.txt,7,14.4032,14.8833,10.0337,1.4355,2.0167,1.4833,0.2921,0.4333,0.9677,0.3333,0.4833,0.3258,1.5667,1.0562
SS2194_9.txt,9,17.069,16.5,10,1.7069,2.2333,1.65,0.3232,0.5333,1.0345,0.3833,0.6,0.3636,1.8167,1.101
SS2195_12.txt,12,19.5487,16.9923,10.4198,1.8761,2.2,1.6308,0.3066,0.5,1.1504,0.4077,0.5077,0.3113,1.8615,1.1415
SS2196_3.txt,3,8.1731,8.1731,7.3276,1.1154,1.2885,1.1154,0.1552,0.1731,1,0.1346,0.1346,0.1207,0.8462,0.7586
SS2197_5.txt,5,11.125,11.4839,9.2468,1.2031,1.5,1.2419,0.2208,0.2742,0.9688,0.2581,0.3226,0.2597,1.3226,1.0649
SS2198_7.txt,7,14.7761,14.5588,10.4211,1.4179,1.7647,1.3971,0.2632,0.3676,1.0149,0.2941,0.4265,0.3053,1.8382,1.3158
SS2199_9.txt,9,18.3051,17.1429,11.6129,1.5763,2,1.4762,0.2796,0.4127,1.0678,0.3175,0.4921,0.3333,2.2222,1.5054
SS2200_12.txt,12,21.9192,20.6667,12.3295,1.7778,2.2952,1.6762,0.3523,0.5905,1.0606,0.419,0.581,0.3466,2.6476,1.5795
SS2201_3.txt,3,9.1458,9.1458,7.569,1.2083,1.4167,1.2083,0.1379,0.1667,1,0.1458,0.1875,0.1552,1.0417,0.8621
SS2202_5.txt,5,11.8966,12.1053,8.3133,1.431,1.7368,1.4561,0.2289,0.3333,0.9828,0.2807,0.2281,0.1566,1.5263,1.0482
SS2203_7.txt,7,16.1176,15.5094,9.4483,1.7059,2.1132,1.6415,0.3218,0.5283,1.0392,0.3774,0.3396,0.2069,1.9245,1.1724
SS2204_9.txt,9,22.5278,21.3421,10.5325,2.1389,2.6579,2.0263,0.4286,0.8684,1.0556,0.5263,0.6053,0.2987,2.7895,1.3766
SS2205_12.txt,12,27.6429,24.9677,10.9014,2.5357,3.0323,2.2903,0.493,1.129,1.1071,0.6452,0.6452,0.2817,3.3226,1.4507
SS2206_3.txt,3,9.2766,9.4783,6.2286,1.4894,1.913,1.5217,0.2857,0.4348,0.9787,0.2826,0.2174,0.1429,0.8043,0.5286
SS2207_5.txt,5,11.5075,11.8615,7.1389,1.6119,2.1077,1.6615,0.3611,0.6,0.9701,0.4615,0.2462,0.1481,1.2769,0.7685
SS2208_7.txt,7,15.7833,15.5246,8.307,1.9,2.5902,1.8689,0.3947,0.7377,1.0167,0.459,0.3934,0.2105,1.5246,0.8158
SS2209_9.txt,9,17.25,16.9245,9.0606,1.9038,2.6604,1.8679,0.4343,0.8113,1.0192,0.5283,0.4528,0.2424,1.6038,0.8586
SS2210_12.txt,12,23.3824,22.0833,9.2442,2.5294,3.3056,2.3889,0.5,1.1944,1.0588,0.6944,0.6389,0.2674,2.3333,0.9767
SS2211_3.txt,3,8.8148,8.8148,7.4375,1.1852,1.3519,1.1852,0.1406,0.1667,1,0.1481,0.1296,0.1094,0.9259,0.7812
SS2212_5.txt,5,11.661,11.661,9.0526,1.2881,1.4576,1.2881,0.1711,0.2203,1,0.1864,0.2373,0.1842,1.2034,0.9342
SS2213_7.txt,7,15.766,13.7222,10.8971,1.4468,1.4074,1.2593,0.1765,0.2222,1.1489,0.1667,0.2037,0.1618,1.4259,1.1324
SS2214_9.txt,9,19.4444,17.5,12.7273,1.5278,1.575,1.375,0.2,0.275,1.1111,0.2,0.375,0.2727,1.85,1.3455
SS2215_12.txt,12,22.9333,22.1935,13.76,1.6667,1.871,1.6129,0.26,0.4194,1.0333,0.3226,0.5484,0.34,2.4194,1.5
SS2216_3.txt,3,7.7358,7.7358,6.8333,1.1321,1.3019,1.1321,0.1333,0.1509,1,0.1321,0.0755,0.0667,0.5849,0.5167
SS2217_5.txt,5,11.1587,10.9844,7.8989,1.4127,1.6406,1.3906,0.2584,0.3594,1.0159,0.3281,0.1562,0.1124,1.1094,0.7978
SS2218_7.txt,7,14.3333,14.5645,9.2143,1.5556,2.0161,1.5806,0.3163,0.5,0.9841,0.3548,0.3387,0.2143,1.6935,1.0714
SS2219_9.txt,9,17.386,16.7966,10.2165,1.7018,2.0847,1.6441,0.3299,0.5424,1.0351,0.3729,0.4407,0.268,1.9661,1.1959
SS2220_12.txt,12,24.8438,19.3902,10.7432,2.3125,2.4146,1.8049,0.3514,0.6341,1.2812,0.3415,0.4634,0.2568,2.3659,1.3108
SS2221_3.txt,3,8.84,8.84,6.9062,1.28,1.6,1.28,0.2344,0.3,1,0.3,0.14,0.1094,0.84,0.6562
SS2222_5.txt,5,11.7321,11.9455,7.8214,1.5,2.0727,1.5273,0.3452,0.5273,0.9821,0.4364,0.2727,0.1786,1.2727,0.8333
SS2223_7.txt,7,15.0385,15.3333,8.5934,1.75,2.3529,1.7843,0.4066,0.7255,0.9808,0.549,0.3529,0.1978,1.8824,1.0549
SS2224_9.txt,9,17.5319,17.5319,9.8095,1.7872,2.4255,1.7872,0.3929,0.7021,1,0.5106,0.4894,0.2738,2.234,1.25
SS2225_12.txt,12,24,23.3333,9.8824,2.4286,3.3056,2.3611,0.4824,1.1389,1.0286,0.6389,0.6111,0.2588,2.75,1.1647
SS2226_3.txt,3,7.9167,8.5075,7.9167,1,1.1343,1.0746,0.1111,0.1194,0.9306,0.1194,0.2537,0.2361,1.0299,0.9583
SS2227_5.txt,5,10.5758,11.2581,9.5616,1.1061,1.2742,1.1774,0.1644,0.1935,0.9394,0.1774,0.371,0.3151,1.5645,1.3288
SS2228_7.txt,7,14.7619,14.5312,11.7722,1.254,1.4531,1.2344,0.2152,0.2656,1.0159,0.2656,0.6562,0.5316,2.125,1.7215
SS2229_9.txt,9,17.2381,15.7391,12.9286,1.3333,1.4348,1.2174,0.1905,0.2319,1.0952,0.2464,0.5942,0.4881,2.2899,1.881
SS2230_12.txt,12,21.8971,19.5921,14.3173,1.5294,1.6184,1.3684,0.2788,0.3816,1.1176,0.3421,0.7237,0.5288,2.9868,2.1827
SS2231_3.txt,3,8.0769,7.9245,7.7778,1.0385,1.3019,1.0189,0.0741,0.0755,1.0192,0.0755,0.2264,0.2222,0.7358,0.7222
SS2232_5.txt,5,10.9375,10.9375,9.9057,1.1042,1.4375,1.1042,0.1132,0.125,1,0.1042,0.3542,0.3208,0.9583,0.8679
SS2233_7.txt,7,13.9167,13.9167,12.2195,1.1389,1.5,1.1389,0.122,0.1389,1,0.1111,0.4722,0.4146,1.4722,1.2927
SS2234_9.txt,9,17.069,15.9677,13.0263,1.3103,1.7097,1.2258,0.1842,0.2258,1.069,0.1935,0.5484,0.4474,1.7097,1.3947
SS2235_12.txt,12,20.7368,17.9091,14.5926,1.4211,1.7727,1.2273,0.1852,0.2273,1.1579,0.1818,0.5909,0.4815,2.1818,1.7778
SS2236_3.txt,3,9.32,9.32,6.3836,1.46,1.8,1.46,0.2603,0.38,1,0.3,0.04,0.0274,0.8,0.5479
SS2237_5.txt,5,12.125,11.9123,7.5444,1.6071,1.8772,1.5789,0.3111,0.4912,1.0179,0.4386,0.1053,0.0667,1.2105,0.7667
SS2238_7.txt,7,14.8036,14.8036,8.2079,1.8036,2.125,1.8036,0.396,0.7143,1,0.5357,0.2679,0.1485,1.6964,0.9406
SS2239_9.txt,9,17.6809,17.3125,8.7474,2.0213,2.4375,1.9792,0.4632,0.9167,1.0213,0.625,0.3333,0.1684,2.125,1.0737
SS2240_12.txt,12,22.0571,20.8649,8.6742,2.5429,2.9459,2.4054,0.4831,1.1622,1.0571,0.6757,0.4595,0.191,2.4595,1.0225
SS2241_3.txt,3,8.2093,8.2093,6.6604,1.2326,1.2791,1.2326,0.1698,0.2093,1,0.186,0.1628,0.1321,0.9767,0.7925
SS2242_5.txt,5,11.549,11.78,8.791,1.3137,1.62,1.34,0.2985,0.4,0.9804,0.34,0.22,0.1642,1.8,1.3433
SS2243_7.txt,7,15.4884,16.2439,9.3803,1.6512,2,1.7317,0.4085,0.7073,0.9535,0.561,0.3902,0.2254,2.2683,1.3099
SS2244_9.txt,9,16.5,16.9024,10.5,1.5714,1.878,1.6098,0.3485,0.561,0.9762,0.4634,0.5122,0.3182,2.4878,1.5455
SS2245_12.txt,12,22.3158,20.6829,10.3415,2.1579,2.3659,2,0.4024,0.8049,1.0789,0.6098,0.5122,0.2561,3.1951,1.5976
SS2246_3.txt,3,9.1053,9.2679,6.8289,1.3333,1.7679,1.3571,0.1842,0.25,0.9825,0.2143,0.0893,0.0658,0.8036,0.5921
SS2247_5.txt,5,13.1923,11.6271,7.5385,1.75,1.9492,1.5424,0.2527,0.3898,1.1346,0.2881,0.2203,0.1429,1.0508,0.6813
SS2248_7.txt,7,16.8182,14.2308,8.5648,1.9636,2.2462,1.6615,0.3056,0.5077,1.1818,0.3385,0.4,0.2407,1.3231,0.7963
SS2249_9.txt,9,21.3191,17.5789,9.7282,2.1915,2.614,1.807,0.3786,0.6842,1.2128,0.4386,0.5088,0.2816,1.7018,0.9417
SS2250_12.txt,12,25.8049,20.3462,10.0762,2.561,3.0192,2.0192,0.4,0.8077,1.2683,0.5,0.5385,0.2667,2.0769,1.0286
